鮮極鮭いくらとあん肝のおろし添え,324,旬・特ネタ,2016-12-12
いなり,108,定番にぎり,2016-12-12
豚しょうが焼き直火炙り,194,極みネタ,2016-12-12
なっとう巻,108,軍艦・巻物,2016-12-12
わさびなす,108,定番にぎり,2016-12-12
牛カルビにぎり,108,創作・肉寿司,2016-12-12
コーン,108,軍艦・巻物,2016-12-12
なっとう軍艦,108,軍艦・巻物,2016-12-12
牛すじうどん,324,お椀・麺,2016-12-12
上煮穴子天握り(ハーフ),194,極みネタ,2016-12-12
寒ぶりはらみ,108,旬・特ネタ,2016-12-12
フローズンマンゴー,108,デザート,2016-12-12
和風ハンバーグ,108,創作・肉寿司,2016-12-12
アボカドえび,108,創作・肉寿司,2016-12-12
極上大とろ,194,極みネタ,2016-12-12
えび天巻,108,炙り・天ぷら,2016-12-12
極上中とろ直火炙り,108,炙り・天ぷら,2016-12-12
枝豆,108,一品物,2016-12-12
まぐろたたきアボカドロール,108,創作・肉寿司,2016-12-12
ほたて,194,極みネタ,2016-12-12
アボカドえび,108,創作・肉寿司,2016-12-12
大切り！真鯛塩直火炙り,194,極みネタ,2016-12-12
えび,108,定番にぎり,2016-12-12
鮮極鮭いくらと海鮮の宝石箱,496,旬・特ネタ,2016-12-12
寒ぶりのあら汁,324,旬・特ネタ,2016-12-12
上煮穴子直火炙り(ハーフ),194,極みネタ,2016-12-12
コーン,108,軍艦・巻物,2016-12-12
大切り！真鯛塩直火炙り,194,極みネタ,2016-12-12
極上中とろ,108,定番にぎり,2016-12-12
鮮極鮭いくらの４色SUSHIケーキ,410,旬・特ネタ,2016-12-12
あんこうの唐揚げ,324,旬・特ネタ,2016-12-12
あおさの味噌汁,194,お椀・麺,2016-12-12
チーズケーキ,108,デザート,2016-12-12
上煮穴子天握り(ハーフ),194,極みネタ,2016-12-12
プレミアム和風プリン,216,デザート,2016-12-12
プレミアムホワイトケーキ,216,デザート,2016-12-12
たこやき,108,一品物,2016-12-12
サラダロール,108,創作・肉寿司,2016-12-12
寒ぶりはらみ,108,旬・特ネタ,2016-12-12
たくあん巻,108,軍艦・巻物,2016-12-12
寒ぶりのあつめし,324,旬・特ネタ,2016-12-12
あんこうの唐揚げ,324,旬・特ネタ,2016-12-12
たこやき,108,一品物,2016-12-12
バニラアイス,108,デザート,2016-12-12
寒ぶりのあら汁,324,旬・特ネタ,2016-12-12
肉いなり,108,創作・肉寿司,2016-12-12
鮮極鮭いくらのかっぱ茶漬け,324,旬・特ネタ,2016-12-12
穴子天うどん,324,お椀・麺,2016-12-12
広島県産蒸しカキガーリックバターソース直火炙り,108,旬・特ネタ,2016-12-12
おつまみ盛り,216,一品物,2016-12-12
とろサーモン直火炙り,108,炙り・天ぷら,2016-12-12
寿司屋のたたき,108,軍艦・巻物,2016-12-12
おつまみ盛り,216,一品物,2016-12-12
いちごのケーキプリンパフェ,324,デザート,2016-12-12
いちごのケーキプリンパフェ,324,デザート,2016-12-12
とり唐揚げ,216,一品物,2016-12-12
サーモン,108,定番にぎり,2016-12-12
豚しょうが焼き直火炙り,194,極みネタ,2016-12-12
上煮穴子天握り(ハーフ),194,極みネタ,2016-12-12
プレミアムプリン,216,デザート,2016-12-12
ごくっ！旨貝の塩白湯ラーメン,324,お椀・麺,2016-12-12
広島県産蒸しカキガーリックバターソース直火炙り,108,旬・特ネタ,2016-12-12
いか軟骨マヨ直火炙り,108,炙り・天ぷら,2016-12-12
赤えび塩直火炙り,108,炙り・天ぷら,2016-12-12
海鮮三宝のプチプチ手巻き,302,旬・特ネタ,2016-12-12
上煮穴子直火炙り(ハーフ),194,極みネタ,2016-12-12
ごくっ！旨あっさり醤油ラーメン,324,お椀・麺,2016-12-12
海鮮三宝のプチプチ手巻き,302,旬・特ネタ,2016-12-12
わさびなす盛り,216,一品物,2016-12-12
ごくっ！旨鮭出汁の味噌ラーメン,324,お椀・麺,2016-12-12
かけうどん,162,お椀・麺,2016-12-12
たくあん巻,108,軍艦・巻物,2016-12-12
きつねうどん,324,お椀・麺,2016-12-12
和風ハンバーグ,108,創作・肉寿司,2016-12-12
フライドポテト,216,一品物,2016-12-12
フライドポテト,216,一品物,2016-12-12
牛すじうどん,324,お椀・麺,2016-12-12
いちごのケーキプリンパフェ,324,デザート,2016-12-12
ツナゲット,216,一品物,2016-12-12
合盛りコーンとサラダ,108,軍艦・巻物,2016-12-12
デミマヨハンバーグ,108,創作・肉寿司,2016-12-12
枝豆,108,一品物,2016-12-12
鮮極鮭いくらのかっぱ茶漬け,324,旬・特ネタ,2016-12-12
まぐろたたき,108,軍艦・巻物,2016-12-12
自家製とろかつお揚げたたきオニオンマヨ,108,創作・肉寿司,2016-12-12
ほたて,194,極みネタ,2016-12-12
穴子天うどん,324,お椀・麺,2016-12-12
牛すじうどん,324,お椀・麺,2016-12-12
枝豆,108,一品物,2016-12-12
アーモンドチョコケーキ,216,デザート,2016-12-12
七色のいくら手巻き盛り,302,旬・特ネタ,2016-12-12
やりいか,108,定番にぎり,2016-12-12
さっぱり蒸し鶏にぎり,108,創作・肉寿司,2016-12-12
種子島産安納芋プリン,216,旬・特ネタ,2016-12-12
玉子チーズマヨ直火炙り,108,炙り・天ぷら,2016-12-12
大切り！真鯛塩直火炙り,194,極みネタ,2016-12-12
上煮穴子天握り(ハーフ),194,極みネタ,2016-12-12
ほたて焦がし醤油直火炙り,108,炙り・天ぷら,2016-12-12
お子様大好き三貫盛り鮮極鮭いくら掛け,216,旬・特ネタ,2016-12-12
大切り！真鯛塩直火炙り,194,極みネタ,2016-12-12
わさびなす盛り,216,一品物,2016-12-12
牛すじうどん,324,お椀・麺,2016-12-12
きつねうどん,324,お椀・麺,2016-12-12
とろサーモン直火炙り,108,炙り・天ぷら,2016-12-12
とろサーモン直火炙り,108,炙り・天ぷら,2016-12-12
まぐたく,108,軍艦・巻物,2016-12-12
アーモンドチョコケーキ,216,デザート,2016-12-12
ごくっ！旨貝の塩白湯ラーメン,324,お椀・麺,2016-12-12
ごくっ！旨貝の塩白湯ラーメン,324,お椀・麺,2016-12-12
玉子チーズマヨ直火炙り,108,炙り・天ぷら,2016-12-12
合盛りねばねば,108,軍艦・巻物,2016-12-12
黒みる貝,108,定番にぎり,2016-12-12
とろかつお,108,定番にぎり,2016-12-12
いなり,108,定番にぎり,2016-12-12
炙り白子の茶碗蒸し,194,旬・特ネタ,2016-12-12
ほたて,194,極みネタ,2016-12-12
極上大とろ,194,極みネタ,2016-12-12
チャーシューにぎり,108,創作・肉寿司,2016-12-12
上煮穴子天握り(ハーフ),194,極みネタ,2016-12-12
鮮極鮭いくらとあん肝のカップル軍艦,194,旬・特ネタ,2016-12-12
鉄火巻,108,軍艦・巻物,2016-12-12
白子ポン酢ジュレのせ,108,旬・特ネタ,2016-12-12
いちごのお手軽ショートケーキ,108,デザート,2016-12-12
ごくっ！旨貝の塩白湯ラーメン,324,お椀・麺,2016-12-12
厚焼き玉子,108,一品物,2016-12-12
厚焼き玉子,108,一品物,2016-12-12
バニラアイス,108,デザート,2016-12-12
とろサーモン直火炙り,108,炙り・天ぷら,2016-12-12
あん肝きゅう,108,旬・特ネタ,2016-12-12
フライドポテト,216,一品物,2016-12-12
かけうどん,162,お椀・麺,2016-12-12
とり唐揚げ,216,一品物,2016-12-12
まぐろたたきアボカドロール,108,創作・肉寿司,2016-12-12
茶碗蒸し,194,一品物,2016-12-12
ごくっ！旨鮭出汁の味噌ラーメン,324,お椀・麺,2016-12-12
サーモンチーズマヨ直火炙り,108,炙り・天ぷら,2016-12-12
ごくっ！旨鮭出汁の味噌ラーメン,324,お椀・麺,2016-12-12
和風ハンバーグ,108,創作・肉寿司,2016-12-12
アボカドサーモン,108,創作・肉寿司,2016-12-12
豚しょうが焼き直火炙り,194,極みネタ,2016-12-12
とり唐揚げ,216,一品物,2016-12-12
ツナゲットにぎり,108,創作・肉寿司,2016-12-12
チョコアイス,108,デザート,2016-12-12
豪快いか天,108,炙り・天ぷら,2016-12-12
とろかつお,108,定番にぎり,2016-12-12
アーモンドチョコケーキ,216,デザート,2016-12-12
サーモンアボカドロール,108,創作・肉寿司,2016-12-12
あん肝きゅう,108,旬・特ネタ,2016-12-12
豚しょうが焼き直火炙り,194,極みネタ,2016-12-12
さっぱり蒸し鶏にぎり,108,創作・肉寿司,2016-12-12
たこやき,108,一品物,2016-12-12
とり唐揚げ,216,一品物,2016-12-12
上煮穴子直火炙り(ハーフ),194,極みネタ,2016-12-12
厚焼き玉子,108,一品物,2016-12-12
ねぎだくペッパーねぎまぐろ,108,創作・肉寿司,2016-12-12
アボカドえび,108,創作・肉寿司,2016-12-12
大葉のせえんがわ,108,定番にぎり,2016-12-12
ねぎだくペッパーねぎまぐろ,108,創作・肉寿司,2016-12-12
炙り白子の茶碗蒸し,194,旬・特ネタ,2016-12-12
豚しょうが焼き直火炙り,194,極みネタ,2016-12-12
種子島産安納芋プリン,216,旬・特ネタ,2016-12-12
合盛りコーンとサラダ,108,軍艦・巻物,2016-12-12
まぐたく,108,軍艦・巻物,2016-12-12
ノルウェーサーモン直火炙り,108,炙り・天ぷら,2016-12-12
かけうどん,162,お椀・麺,2016-12-12
極上中とろ直火炙り,108,炙り・天ぷら,2016-12-12
生たこ,108,定番にぎり,2016-12-12
サーモンチーズマヨ直火炙り,108,炙り・天ぷら,2016-12-12
鮮極鮭いくらと海鮮の宝石箱,496,旬・特ネタ,2016-12-12
ツナゲット,216,一品物,2016-12-12
極上大とろ,194,極みネタ,2016-12-12
黒みる貝,108,定番にぎり,2016-12-12
和風ハンバーグ,108,創作・肉寿司,2016-12-12
ほっき貝,108,定番にぎり,2016-12-12
いちごのケーキプリンパフェ,324,デザート,2016-12-12
穴子天うどん,324,お椀・麺,2016-12-12
ししゃもっこ,108,軍艦・巻物,2016-12-12
ごくっ！旨あっさり醤油ラーメン,324,お椀・麺,2016-12-12
上煮穴子直火炙り(ハーフ),194,極みネタ,2016-12-12
ほたて焦がし醤油直火炙り,108,炙り・天ぷら,2016-12-12
鮮極鮭いくらとあん肝のおろし添え,324,旬・特ネタ,2016-12-12
おつまみ盛り,216,一品物,2016-12-12
大葉のせえんがわ,108,定番にぎり,2016-12-12
やりいか,108,定番にぎり,2016-12-12
豚しょうが焼き直火炙り,194,極みネタ,2016-12-12
鱒いくら,108,軍艦・巻物,2016-12-12
茶碗蒸し,194,一品物,2016-12-12
合盛りコーンとサラダ,108,軍艦・巻物,2016-12-12
貝の味噌汁,194,お椀・麺,2016-12-12
茶碗蒸し,194,一品物,2016-12-12
冷やし白玉ぜんざい,108,デザート,2016-12-12
鮮極鮭いくらとあん肝のおろし添え,324,旬・特ネタ,2016-12-12
えびチーズマヨ直火炙り,108,炙り・天ぷら,2016-12-12
玉子チーズマヨ直火炙り,108,炙り・天ぷら,2016-12-12
えび天うどん,324,お椀・麺,2016-12-12
いちごのケーキプリンパフェ,324,デザート,2016-12-12
いか軟骨,108,定番にぎり,2016-12-12
やりいか,108,定番にぎり,2016-12-12
茶碗蒸し,194,一品物,2016-12-12
かけうどん,162,お椀・麺,2016-12-12
肉うどん,324,お椀・麺,2016-12-12
豪快いか天,108,炙り・天ぷら,2016-12-12
貝の味噌汁,194,お椀・麺,2016-12-12
上煮穴子天握り(ハーフ),194,極みネタ,2016-12-12
鮮極鮭いくらと海鮮の宝石箱,496,旬・特ネタ,2016-12-12
大切り！真鯛塩直火炙り,194,極みネタ,2016-12-12
極上中とろ直火炙り,108,炙り・天ぷら,2016-12-12
とろかつお,108,定番にぎり,2016-12-12
いなり,108,定番にぎり,2016-12-12
肉いなり,108,創作・肉寿司,2016-12-12
寿司屋の天ぷら海の宝石ディップ,518,旬・特ネタ,2016-12-12
ねぎだくペッパーねぎまぐろ,108,創作・肉寿司,2016-12-12
いなり,108,定番にぎり,2016-12-12
えび天巻,108,炙り・天ぷら,2016-12-12
えびチーズマヨ直火炙り,108,炙り・天ぷら,2016-12-12
極上中とろ直火炙り,108,炙り・天ぷら,2016-12-12
合盛りコーンとサラダ,108,軍艦・巻物,2016-12-12
茶碗蒸し,194,一品物,2016-12-12
和風ハンバーグ,108,創作・肉寿司,2016-12-12
デミマヨハンバーグ,108,創作・肉寿司,2016-12-12
穴子天うどん,324,お椀・麺,2016-12-12
赤えび塩直火炙り,108,炙り・天ぷら,2016-12-12
鮮極鮭いくら,108,定番にぎり,2016-12-12
肉うどん,324,お椀・麺,2016-12-12
豚しょうが焼き直火炙り,194,極みネタ,2016-12-12
厚焼き玉子,108,一品物,2016-12-12
甘海老,108,定番にぎり,2016-12-12
まぐろ,108,定番にぎり,2016-12-12
たこ,108,定番にぎり,2016-12-12
えび天巻,108,炙り・天ぷら,2016-12-12
ねぎだくペッパーねぎまぐろ,108,創作・肉寿司,2016-12-12
まぐろたたきアボカドロール,108,創作・肉寿司,2016-12-12
穴子天うどん,324,お椀・麺,2016-12-12
合盛りえび,108,定番にぎり,2016-12-12
うに,108,軍艦・巻物,2016-12-12
ノルウェーサーモン直火炙り,108,炙り・天ぷら,2016-12-12
まぐろあら汁,324,お椀・麺,2016-12-12
北海道産小麦のまるごとシフォンケーキ,324,旬・特ネタ,2016-12-12
アボカドえび,108,創作・肉寿司,2016-12-12
うに,108,軍艦・巻物,2016-12-12
種子島産安納芋プリン,216,旬・特ネタ,2016-12-12
上煮穴子直火炙り(ハーフ),194,極みネタ,2016-12-12
とろサーモン直火炙り,108,炙り・天ぷら,2016-12-12
海鮮うま辛和え,108,軍艦・巻物,2016-12-12
フライドポテト,216,一品物,2016-12-12
牛カルビにぎり,108,創作・肉寿司,2016-12-12
とろサーモン,108,定番にぎり,2016-12-12
肉うどん,324,お椀・麺,2016-12-12
チーズケーキ,108,デザート,2016-12-12
とろサーモン直火炙り,108,炙り・天ぷら,2016-12-12
白子ポン酢ジュレのせ,108,旬・特ネタ,2016-12-12
鮮極生えび,108,定番にぎり,2016-12-12
いちごのケーキプリンパフェ,324,デザート,2016-12-12
オニオンサーモン,108,創作・肉寿司,2016-12-12
ノルウェーサーモン直火炙り,108,炙り・天ぷら,2016-12-12
とろサーモン直火炙り,108,炙り・天ぷら,2016-12-12
大切り！真鯛塩直火炙り,194,極みネタ,2016-12-12
わさびなす盛り,216,一品物,2016-12-12
かっぱ巻,108,軍艦・巻物,2016-12-12
とり唐揚げ,216,一品物,2016-12-12
上煮穴子直火炙り(ハーフ),194,極みネタ,2016-12-12
貝の味噌汁,194,お椀・麺,2016-12-12
肉いなり,108,創作・肉寿司,2016-12-12
干ぴょう巻,108,軍艦・巻物,2016-12-12
まぐろたたき,108,軍艦・巻物,2016-12-12
冷やし白玉ぜんざい,108,デザート,2016-12-12
広島県産蒸しカキポン酢ジュレのせ,108,旬・特ネタ,2016-12-12
あん肝ポン酢ジュレのせ,108,旬・特ネタ,2016-12-12
サーモンアボカドロール,108,創作・肉寿司,2016-12-12
わさびなす,108,定番にぎり,2016-12-12
肉うどん,324,お椀・麺,2016-12-12
合盛りえび,108,定番にぎり,2016-12-12
アーモンドチョコケーキ,216,デザート,2016-12-12
プレミアムホイッププリン,216,デザート,2016-12-12
まぐろそぼろマヨ,108,軍艦・巻物,2016-12-12
フライドポテト,216,一品物,2016-12-12
さっぱり蒸し鶏にぎり,108,創作・肉寿司,2016-12-12
コーン,108,軍艦・巻物,2016-12-12
いか軟骨マヨ直火炙り,108,炙り・天ぷら,2016-12-12
フライドポテト,216,一品物,2016-12-12
えび天うどん,324,お椀・麺,2016-12-12
とり唐揚げ,216,一品物,2016-12-12
あんこうの唐揚げ,324,旬・特ネタ,2016-12-12
鮮極鮭いくらとあん肝のカップル軍艦,194,旬・特ネタ,2016-12-12
上煮穴子直火炙り(ハーフ),194,極みネタ,2016-12-12
アボカドえび,108,創作・肉寿司,2016-12-12
とり唐揚げ,216,一品物,2016-12-12
えび天うどん,324,お椀・麺,2016-12-12
上煮穴子天握り(ハーフ),194,極みネタ,2016-12-12
サーモンアボカドロール,108,創作・肉寿司,2016-12-12
サラダロール,108,創作・肉寿司,2016-12-12
ツナ,108,軍艦・巻物,2016-12-12
ほたて,194,極みネタ,2016-12-12
フライドポテト,216,一品物,2016-12-12
ほたて,194,極みネタ,2016-12-12
びん長まぐろ,108,定番にぎり,2016-12-12
えび天うどん,324,お椀・麺,2016-12-12
貝の味噌汁,194,お椀・麺,2016-12-12
厚焼き玉子,108,一品物,2016-12-12
わさびなす盛り,216,一品物,2016-12-12
チャーシューにぎり,108,創作・肉寿司,2016-12-12
鮮極生えび,108,定番にぎり,2016-12-12
炙り白子の茶碗蒸し,194,旬・特ネタ,2016-12-12
豚しょうが焼き直火炙り,194,極みネタ,2016-12-12
デミマヨハンバーグ,108,創作・肉寿司,2016-12-12
アボカドえび,108,創作・肉寿司,2016-12-12
大切り！真鯛,194,極みネタ,2016-12-12
オニオンサーモン,108,創作・肉寿司,2016-12-12
牛すじうどん,324,お椀・麺,2016-12-12
ごくっ！旨鮭出汁の味噌ラーメン,324,お椀・麺,2016-12-12
海鮮三宝のプチプチ手巻き,302,旬・特ネタ,2016-12-12
玉子チーズマヨ直火炙り,108,炙り・天ぷら,2016-12-12
まぐろたたきアボカドロール,108,創作・肉寿司,2016-12-12
ほたて,194,極みネタ,2016-12-12
寿司屋のたたき,108,軍艦・巻物,2016-12-12
ツナゲットにぎり,108,創作・肉寿司,2016-12-12
肉うどん,324,お椀・麺,2016-12-12
おつまみ盛り,216,一品物,2016-12-12
上煮穴子直火炙り(ハーフ),194,極みネタ,2016-12-12
極上中とろ,108,定番にぎり,2016-12-12
とろ〆さば直火炙り,108,炙り・天ぷら,2016-12-12
ごくっ！旨あっさり醤油ラーメン,324,お椀・麺,2016-12-12
豚しょうが焼き直火炙り,194,極みネタ,2016-12-12
いちごのケーキプリンパフェ,324,デザート,2016-12-12
えびチーズマヨ直火炙り,108,炙り・天ぷら,2016-12-12
いなり,108,定番にぎり,2016-12-12
とろねぎ,108,軍艦・巻物,2016-12-12
合盛りねばねば,108,軍艦・巻物,2016-12-12
〆いわし,108,定番にぎり,2016-12-12
肉いなり,108,創作・肉寿司,2016-12-12
ごくっ！旨鮭出汁の味噌ラーメン,324,お椀・麺,2016-12-12
ねぎだくペッパーねぎまぐろ,108,創作・肉寿司,2016-12-12
茶碗蒸し,194,一品物,2016-12-12
ほたて,194,極みネタ,2016-12-12
きつねうどん,324,お椀・麺,2016-12-12
豚しょうが焼き直火炙り,194,極みネタ,2016-12-12
サーモンアボカドロール,108,創作・肉寿司,2016-12-12
いちごのお手軽ショートケーキ,108,デザート,2016-12-12
ノルウェーサーモン,108,定番にぎり,2016-12-12
アボカドえび,108,創作・肉寿司,2016-12-12
アーモンドチョコケーキ,216,デザート,2016-12-12
チョコのケーキプリンパフェ,324,デザート,2016-12-12
ノルウェーサーモン直火炙り,108,炙り・天ぷら,2016-12-12
合盛りえび,108,定番にぎり,2016-12-12
ツナゲットにぎり,108,創作・肉寿司,2016-12-12
寒ぶりはらみ直火炙り,108,旬・特ネタ,2016-12-12
冷やし白玉ぜんざい,108,デザート,2016-12-12
肉うどん,324,お椀・麺,2016-12-12
たこやき,108,一品物,2016-12-12
極上大とろ,194,極みネタ,2016-12-12
アボカドサーモン,108,創作・肉寿司,2016-12-12
チャーシューにぎり,108,創作・肉寿司,2016-12-12
アボカドえび,108,創作・肉寿司,2016-12-12
ごくっ！旨鮭出汁の味噌ラーメン,324,お椀・麺,2016-12-12
あん肝ポン酢ジュレのせ,108,旬・特ネタ,2016-12-12
ししゃもっこ,108,軍艦・巻物,2016-12-12
甘海老軍艦,108,軍艦・巻物,2016-12-12
びん長まぐろ,108,定番にぎり,2016-12-12
デミマヨハンバーグ,108,創作・肉寿司,2016-12-12
大切り！真鯛塩直火炙り,194,極みネタ,2016-12-12
上煮穴子天握り(ハーフ),194,極みネタ,2016-12-12
まぐたく,108,軍艦・巻物,2016-12-12
上煮穴子直火炙り(ハーフ),194,極みネタ,2016-12-12
茶碗蒸し,194,一品物,2016-12-12
おつまみ盛り,216,一品物,2016-12-12
おつまみ盛り,216,一品物,2016-12-12
鮭とろっ軍艦,108,軍艦・巻物,2016-12-12
とり唐揚げ,216,一品物,2016-12-12
おつまみ盛り,216,一品物,2016-12-12
鉄火巻,108,軍艦・巻物,2016-12-12
寿司屋のたたき,108,軍艦・巻物,2016-12-12
肉うどん,324,お椀・麺,2016-12-12
いちごのお手軽ショートケーキ,108,デザート,2016-12-12
いちごのお手軽ショートケーキ,108,デザート,2016-12-12
大切り！真鯛塩直火炙り,194,極みネタ,2016-12-12
豪快いか天,108,炙り・天ぷら,2016-12-12
干ぴょう巻,108,軍艦・巻物,2016-12-12
お子様大好き三貫盛り鮮極鮭いくら掛け,216,旬・特ネタ,2016-12-12
サーモンアボカドロール,108,創作・肉寿司,2016-12-12
ほたて,194,極みネタ,2016-12-12
いか軟骨マヨ直火炙り,108,炙り・天ぷら,2016-12-12
ほたて,194,極みネタ,2016-12-12
かけうどん,162,お椀・麺,2016-12-12
チーズケーキ,108,デザート,2016-12-12
枝豆,108,一品物,2016-12-12
チャーシューにぎり,108,創作・肉寿司,2016-12-12
チャーシューにぎり,108,創作・肉寿司,2016-12-12
合盛り玉子いなり,108,定番にぎり,2016-12-12
生たこ,108,定番にぎり,2016-12-12
貝の味噌汁,194,お椀・麺,2016-12-12
デミマヨハンバーグ,108,創作・肉寿司,2016-12-12
えび天うどん,324,お椀・麺,2016-12-12
こういか,108,定番にぎり,2016-12-12
お子様大好き三貫盛り鮮極鮭いくら掛け,216,旬・特ネタ,2016-12-12
あん肝きゅう,108,旬・特ネタ,2016-12-12
厚焼き玉子,108,一品物,2016-12-12
鮮極鮭いくらとあん肝のおろし添え,324,旬・特ネタ,2016-12-12
真いか,108,定番にぎり,2016-12-12
厚焼き玉子,108,一品物,2016-12-12
甘海老,108,定番にぎり,2016-12-12
まぐたく,108,軍艦・巻物,2016-12-12
肉うどん,324,お椀・麺,2016-12-12
ツナゲットにぎり,108,創作・肉寿司,2016-12-12
えび天うどん,324,お椀・麺,2016-12-12
えび天巻,108,炙り・天ぷら,2016-12-12
ほっき貝,108,定番にぎり,2016-12-12
わさびなす盛り,216,一品物,2016-12-12
オニオンサーモン,108,創作・肉寿司,2016-12-12
ツナゲット,216,一品物,2016-12-12
つぶ貝,108,定番にぎり,2016-12-12
きつねうどん,324,お椀・麺,2016-12-12
北海道産小麦のまるごとシフォンケーキ,324,旬・特ネタ,2016-12-12
まぐろあら汁,324,お椀・麺,2016-12-12
えびチーズマヨ直火炙り,108,炙り・天ぷら,2016-12-12
プレミアムホワイトケーキ,216,デザート,2016-12-12
チョコアイス,108,デザート,2016-12-12
肉うどん,324,お椀・麺,2016-12-12
鮮極鮭いくらとあん肝のカップル軍艦,194,旬・特ネタ,2016-12-12
アーモンドチョコケーキ,216,デザート,2016-12-12
豚しょうが焼き直火炙り,194,極みネタ,2016-12-12
とろねぎ,108,軍艦・巻物,2016-12-12
生たこ,108,定番にぎり,2016-12-12
あんこうの唐揚げ,324,旬・特ネタ,2016-12-12
フライドポテト,216,一品物,2016-12-12
海鮮三宝のプチプチ手巻き,302,旬・特ネタ,2016-12-12
あん肝ポン酢ジュレのせ,108,旬・特ネタ,2016-12-12
鮮極鮭いくらとあん肝のカップル軍艦,194,旬・特ネタ,2016-12-12
わさびなす盛り,216,一品物,2016-12-12
広島県産蒸しカキガーリックバターソース直火炙り,108,旬・特ネタ,2016-12-12
極上大とろ,194,極みネタ,2016-12-12
かっぱ巻,108,軍艦・巻物,2016-12-12
寿司屋の天ぷら海の宝石ディップ,518,旬・特ネタ,2016-12-12
えび天うどん,324,お椀・麺,2016-12-12
極上中とろ直火炙り,108,炙り・天ぷら,2016-12-12
まぐろあら汁,324,お椀・麺,2016-12-12
まぐろたたきアボカドロール,108,創作・肉寿司,2016-12-12
プレミアム和風プリン,216,デザート,2016-12-12
ツナゲット,216,一品物,2016-12-12
鮮極鮭いくらの４色SUSHIケーキ,410,旬・特ネタ,2016-12-12
フライドポテト,216,一品物,2016-12-12
アーモンドチョコケーキ,216,デザート,2016-12-12
厚焼き玉子,108,一品物,2016-12-12
チョコアイス,108,デザート,2016-12-12
大切り！真鯛塩直火炙り,194,極みネタ,2016-12-12
ごくっ！旨あっさり醤油ラーメン,324,お椀・麺,2016-12-12
ぱっくり！半熟煮玉子軍艦,108,軍艦・巻物,2016-12-12
厚焼き玉子,108,一品物,2016-12-12
ツナゲット,216,一品物,2016-12-12
鮮極鮭いくらとあん肝のおろし添え,324,旬・特ネタ,2016-12-12
おつまみ盛り,216,一品物,2016-12-12
うなぎ,108,定番にぎり,2016-12-12
たこやき,108,一品物,2016-12-12
フライドポテト,216,一品物,2016-12-12
ししゃもっこ,108,軍艦・巻物,2016-12-12
甘海老,108,定番にぎり,2016-12-12
バニラアイス,108,デザート,2016-12-12
とり唐揚げ,216,一品物,2016-12-12
アーモンドチョコケーキ,216,デザート,2016-12-12
かけうどん,162,お椀・麺,2016-12-12
寿司屋の天ぷら海の宝石ディップ,518,旬・特ネタ,2016-12-12
焼きサーモン,108,定番にぎり,2016-12-12
肉うどん,324,お椀・麺,2016-12-12
なっとう巻,108,軍艦・巻物,2016-12-12
わさびなす盛り,216,一品物,2016-12-12
あおさの味噌汁,194,お椀・麺,2016-12-12
大切り！真鯛,194,極みネタ,2016-12-12
まぐろたたき,108,軍艦・巻物,2016-12-12
きつねうどん,324,お椀・麺,2016-12-12
サラダ軍艦,108,軍艦・巻物,2016-12-12
茶碗蒸し,194,一品物,2016-12-12
とろサーモン直火炙り,108,炙り・天ぷら,2016-12-12
牛すじうどん,324,お椀・麺,2016-12-12
たくあん巻,108,軍艦・巻物,2016-12-12
鮮極鮭いくらと海鮮の宝石箱,496,旬・特ネタ,2016-12-12
まぐろあら汁,324,お椀・麺,2016-12-12
白子ポン酢ジュレのせ,108,旬・特ネタ,2016-12-12
コーン,108,軍艦・巻物,2016-12-12
やりいか,108,定番にぎり,2016-12-12
海鮮三宝のプチプチ手巻き,302,旬・特ネタ,2016-12-12
豚しょうが焼き直火炙り,194,極みネタ,2016-12-12
上煮穴子直火炙り(ハーフ),194,極みネタ,2016-12-12
玉子,108,定番にぎり,2016-12-12
ツナゲット,216,一品物,2016-12-12
豚しょうが焼き直火炙り,194,極みネタ,2016-12-12
豚しょうが焼き直火炙り,194,極みネタ,2016-12-12
うに,108,軍艦・巻物,2016-12-12
ツナゲット,216,一品物,2016-12-12
寿司屋の天ぷら海の宝石ディップ,518,旬・特ネタ,2016-12-12
きつねうどん,324,お椀・麺,2016-12-12
寒ぶりのあつめし,324,旬・特ネタ,2016-12-12
ししゃもっこ,108,軍艦・巻物,2016-12-12
山かけまぐろ,108,軍艦・巻物,2016-12-12
厚焼き玉子,108,一品物,2016-12-12
サーモンチーズマヨ直火炙り,108,炙り・天ぷら,2016-12-12
肉いなり,108,創作・肉寿司,2016-12-12
豚しょうが焼き直火炙り,194,極みネタ,2016-12-12
大切り！真鯛塩直火炙り,194,極みネタ,2016-12-12
厚焼き玉子,108,一品物,2016-12-12
甘海老軍艦,108,軍艦・巻物,2016-12-12
上煮穴子天握り(ハーフ),194,極みネタ,2016-12-12
バニラアイス,108,デザート,2016-12-13
ほたて,194,極みネタ,2016-12-13
サーモンチーズマヨ直火炙り,108,炙り・天ぷら,2016-12-13
えび天うどん,324,お椀・麺,2016-12-13
とろサーモン直火炙り,108,炙り・天ぷら,2016-12-13
いちごのケーキプリンパフェ,324,デザート,2016-12-13
いか軟骨マヨ直火炙り,108,炙り・天ぷら,2016-12-13
豚しょうが焼き直火炙り,194,極みネタ,2016-12-13
大切り！真鯛,194,極みネタ,2016-12-13
ツナゲット,216,一品物,2016-12-13
和風ハンバーグ,108,創作・肉寿司,2016-12-13
えび天うどん,324,お椀・麺,2016-12-13
アボカドサーモン,108,創作・肉寿司,2016-12-13
まぐろたたきアボカドロール,108,創作・肉寿司,2016-12-13
オニオンサーモン,108,創作・肉寿司,2016-12-13
ツナゲット,216,一品物,2016-12-13
アーモンドチョコケーキ,216,デザート,2016-12-13
合盛りねばねば,108,軍艦・巻物,2016-12-13
えび天巻,108,炙り・天ぷら,2016-12-13
ツナゲットにぎり,108,創作・肉寿司,2016-12-13
とろ〆さば直火炙り,108,炙り・天ぷら,2016-12-13
上煮穴子直火炙り(ハーフ),194,極みネタ,2016-12-13
えび天巻,108,炙り・天ぷら,2016-12-13
寒ぶりのあつめし,324,旬・特ネタ,2016-12-13
貝の味噌汁,194,お椀・麺,2016-12-13
和風ハンバーグ,108,創作・肉寿司,2016-12-13
プレミアムホイッププリン,216,デザート,2016-12-13
とろ〆さば直火炙り,108,炙り・天ぷら,2016-12-13
鮮極鮭いくら,108,定番にぎり,2016-12-13
さっぱり蒸し鶏にぎり,108,創作・肉寿司,2016-12-13
ノルウェーサーモン直火炙り,108,炙り・天ぷら,2016-12-13
牛カルビにぎり,108,創作・肉寿司,2016-12-13
とろサーモン直火炙り,108,炙り・天ぷら,2016-12-13
大切り！真鯛塩直火炙り,194,極みネタ,2016-12-13
サーモンアボカドロール,108,創作・肉寿司,2016-12-13
貝の味噌汁,194,お椀・麺,2016-12-13
鮮極鮭いくらのかっぱ茶漬け,324,旬・特ネタ,2016-12-13
コーン,108,軍艦・巻物,2016-12-13
大葉のせえんがわ,108,定番にぎり,2016-12-13
冷やし白玉ぜんざい,108,デザート,2016-12-13
白子ポン酢ジュレのせ,108,旬・特ネタ,2016-12-13
牛すじうどん,324,お椀・麺,2016-12-13
冷やし白玉ぜんざい,108,デザート,2016-12-13
たこやき,108,一品物,2016-12-13
チーズケーキ,108,デザート,2016-12-13
とろ〆さば,108,定番にぎり,2016-12-13
ツナゲット,216,一品物,2016-12-13
茶碗蒸し,194,一品物,2016-12-13
ごくっ！旨貝の塩白湯ラーメン,324,お椀・麺,2016-12-13
とろサーモン直火炙り,108,炙り・天ぷら,2016-12-13
極上大とろ,194,極みネタ,2016-12-13
豪快いか天,108,炙り・天ぷら,2016-12-13
とり唐揚げ,216,一品物,2016-12-13
極上大とろ,194,極みネタ,2016-12-13
アボカドサーモン,108,創作・肉寿司,2016-12-13
鮮極鮭いくらとあん肝のおろし添え,324,旬・特ネタ,2016-12-13
穴子天うどん,324,お椀・麺,2016-12-13
とり唐揚げ,216,一品物,2016-12-13
黒みる貝,108,定番にぎり,2016-12-13
極上中とろ直火炙り,108,炙り・天ぷら,2016-12-13
厚焼き玉子,108,一品物,2016-12-13
かけうどん,162,お椀・麺,2016-12-13
とろ〆さば直火炙り,108,炙り・天ぷら,2016-12-13
あん肝ポン酢ジュレのせ,108,旬・特ネタ,2016-12-13
ほたて,194,極みネタ,2016-12-13
〆いわし,108,定番にぎり,2016-12-13
まぐろたたき,108,軍艦・巻物,2016-12-13
肉いなり,108,創作・肉寿司,2016-12-13
プレミアムホイッププリン,216,デザート,2016-12-13
上煮穴子直火炙り(ハーフ),194,極みネタ,2016-12-13
枝豆,108,一品物,2016-12-13
まぐろ,108,定番にぎり,2016-12-13
鮮極鮭いくらと海鮮の宝石箱,496,旬・特ネタ,2016-12-13
プレミアムホイッププリン,216,デザート,2016-12-13
ほたて,194,極みネタ,2016-12-13
チョコアイス,108,デザート,2016-12-13
ししゃもっこ,108,軍艦・巻物,2016-12-13
オニオンサーモン,108,創作・肉寿司,2016-12-13
とろサーモン,108,定番にぎり,2016-12-13
ぱっくり！半熟煮玉子軍艦,108,軍艦・巻物,2016-12-13
デミマヨハンバーグ,108,創作・肉寿司,2016-12-13
きつねうどん,324,お椀・麺,2016-12-13
プレミアム和風プリン,216,デザート,2016-12-13
寒ぶりのあつめし,324,旬・特ネタ,2016-12-13
チョコアイス,108,デザート,2016-12-13
大あじ,108,定番にぎり,2016-12-13
サラダロール,108,創作・肉寿司,2016-12-13
ごくっ！旨貝の塩白湯ラーメン,324,お椀・麺,2016-12-13
真いか,108,定番にぎり,2016-12-13
こういか,108,定番にぎり,2016-12-13
本ずわい蟹,194,旬・特ネタ,2016-12-13
まぐろ,108,定番にぎり,2016-12-13
やりいか,108,定番にぎり,2016-12-13
ほたて,194,極みネタ,2016-12-13
炙り白子の茶碗蒸し,194,旬・特ネタ,2016-12-13
えび,108,定番にぎり,2016-12-13
鮮極鮭いくらとあん肝のカップル軍艦,194,旬・特ネタ,2016-12-13
なっとう軍艦,108,軍艦・巻物,2016-12-13
まぐろ,108,定番にぎり,2016-12-13
あんこうの唐揚げ,324,旬・特ネタ,2016-12-13
赤えび,108,定番にぎり,2016-12-13
肉いなり,108,創作・肉寿司,2016-12-13
ぱっくり！半熟煮玉子軍艦,108,軍艦・巻物,2016-12-13
肉いなり,108,創作・肉寿司,2016-12-13
まぐろたたきアボカドロール,108,創作・肉寿司,2016-12-13
極上中とろ,108,定番にぎり,2016-12-13
えび天巻,108,炙り・天ぷら,2016-12-13
オニオンサーモン,108,創作・肉寿司,2016-12-13
とり唐揚げ,216,一品物,2016-12-13
バニラアイス,108,デザート,2016-12-13
ツナゲットにぎり,108,創作・肉寿司,2016-12-13
神戸牛入り甘辛ごぼうのぶっかけうどん,324,旬・特ネタ,2016-12-13
オニオンサーモン,108,創作・肉寿司,2016-12-13
極上中とろ直火炙り,108,炙り・天ぷら,2016-12-13
ほたて焦がし醤油直火炙り,108,炙り・天ぷら,2016-12-13
おつまみ盛り,216,一品物,2016-12-13
プレミアム和風プリン,216,デザート,2016-12-13
厚焼き玉子,108,一品物,2016-12-13
肉うどん,324,お椀・麺,2016-12-13
極上大とろ,194,極みネタ,2016-12-13
冷やし白玉ぜんざい,108,デザート,2016-12-13
ツナゲットにぎり,108,創作・肉寿司,2016-12-13
あおさの味噌汁,194,お椀・麺,2016-12-13
ほたて,194,極みネタ,2016-12-13
牛すじうどん,324,お椀・麺,2016-12-13
寿司屋の天ぷら海の宝石ディップ,518,旬・特ネタ,2016-12-13
大切り！真鯛塩直火炙り,194,極みネタ,2016-12-13
とろかつお,108,定番にぎり,2016-12-13
オニオンサーモン,108,創作・肉寿司,2016-12-13
豪快いか天,108,炙り・天ぷら,2016-12-13
まぐろそぼろマヨ,108,軍艦・巻物,2016-12-13
おつまみ盛り,216,一品物,2016-12-13
枝豆,108,一品物,2016-12-13
とり唐揚げ,216,一品物,2016-12-13
プレミアムホイッププリン,216,デザート,2016-12-13
合盛りえび,108,定番にぎり,2016-12-13
わさびなす,108,定番にぎり,2016-12-13
ノルウェーサーモン,108,定番にぎり,2016-12-13
ししゃもっこ,108,軍艦・巻物,2016-12-13
上煮穴子天握り(ハーフ),194,極みネタ,2016-12-13
デミマヨハンバーグ,108,創作・肉寿司,2016-12-13
干ぴょう巻,108,軍艦・巻物,2016-12-13
まぐろあら汁,324,お椀・麺,2016-12-13
フライドポテト,216,一品物,2016-12-13
まぐろたたき,108,軍艦・巻物,2016-12-13
海鮮うま辛和え,108,軍艦・巻物,2016-12-13
まぐろあら汁,324,お椀・麺,2016-12-13
かけうどん,162,お椀・麺,2016-12-13
とろ〆さば,108,定番にぎり,2016-12-13
いかおくら,108,軍艦・巻物,2016-12-13
極上大とろ,194,極みネタ,2016-12-13
ねぎだくペッパーねぎまぐろ,108,創作・肉寿司,2016-12-13
あん肝ポン酢ジュレのせ,108,旬・特ネタ,2016-12-13
ごくっ！旨貝の塩白湯ラーメン,324,お椀・麺,2016-12-13
ツナゲットにぎり,108,創作・肉寿司,2016-12-13
海鮮三宝のプチプチ手巻き,302,旬・特ネタ,2016-12-13
かけうどん,162,お椀・麺,2016-12-13
上煮穴子天握り(ハーフ),194,極みネタ,2016-12-13
ほたて,194,極みネタ,2016-12-13
とろサーモン直火炙り,108,炙り・天ぷら,2016-12-13
つぶ貝,108,定番にぎり,2016-12-13
〆いわし,108,定番にぎり,2016-12-13
ごくっ！旨鮭出汁の味噌ラーメン,324,お椀・麺,2016-12-13
なっとう軍艦,108,軍艦・巻物,2016-12-13
鮮極鮭いくら,108,定番にぎり,2016-12-13
鮮極鮭いくら,108,定番にぎり,2016-12-13
ほたて焦がし醤油直火炙り,108,炙り・天ぷら,2016-12-13
合盛りねばねば,108,軍艦・巻物,2016-12-13
大切り！真鯛塩直火炙り,194,極みネタ,2016-12-13
アーモンドチョコケーキ,216,デザート,2016-12-13
玉子チーズマヨ直火炙り,108,炙り・天ぷら,2016-12-13
かにみそ,108,軍艦・巻物,2016-12-13
海鮮うま辛和え,108,軍艦・巻物,2016-12-13
デミマヨハンバーグ,108,創作・肉寿司,2016-12-13
上煮穴子天握り(ハーフ),194,極みネタ,2016-12-13
なっとう巻,108,軍艦・巻物,2016-12-13
上煮穴子直火炙り(ハーフ),194,極みネタ,2016-12-13
おつまみ盛り,216,一品物,2016-12-13
茶碗蒸し,194,一品物,2016-12-13
貝の味噌汁,194,お椀・麺,2016-12-13
デミマヨハンバーグ,108,創作・肉寿司,2016-12-13
鮮極鮭いくらと海鮮の宝石箱,496,旬・特ネタ,2016-12-13
あおさの味噌汁,194,お椀・麺,2016-12-13
極上大とろ,194,極みネタ,2016-12-13
えび天うどん,324,お椀・麺,2016-12-13
牛すじうどん,324,お椀・麺,2016-12-13
いか軟骨マヨ直火炙り,108,炙り・天ぷら,2016-12-13
茶碗蒸し,194,一品物,2016-12-13
ほたて,194,極みネタ,2016-12-13
上煮穴子天握り(ハーフ),194,極みネタ,2016-12-13
鮮極鮭いくらの４色SUSHIケーキ,410,旬・特ネタ,2016-12-13
サーモンチーズマヨ直火炙り,108,炙り・天ぷら,2016-12-13
バニラアイス,108,デザート,2016-12-13
ごくっ！旨貝の塩白湯ラーメン,324,お椀・麺,2016-12-13
チーズケーキ,108,デザート,2016-12-13
上煮穴子直火炙り(ハーフ),194,極みネタ,2016-12-13
サーモンチーズマヨ直火炙り,108,炙り・天ぷら,2016-12-13
わさびなす盛り,216,一品物,2016-12-13
サラダ軍艦,108,軍艦・巻物,2016-12-13
アボカドサーモン,108,創作・肉寿司,2016-12-13
まぐろ,108,定番にぎり,2016-12-13
枝豆,108,一品物,2016-12-13
お子様大好き三貫盛り鮮極鮭いくら掛け,216,旬・特ネタ,2016-12-13
寒ぶりはらみ直火炙り,108,旬・特ネタ,2016-12-13
プレミアムホイッププリン,216,デザート,2016-12-13
まぐろそぼろマヨ,108,軍艦・巻物,2016-12-13
牛すじうどん,324,お椀・麺,2016-12-13
プレミアム和風プリン,216,デザート,2016-12-13
チャーシューにぎり,108,創作・肉寿司,2016-12-13
枝豆,108,一品物,2016-12-13
海鮮三宝のプチプチ手巻き,302,旬・特ネタ,2016-12-13
チーズケーキ,108,デザート,2016-12-13
上煮穴子天握り(ハーフ),194,極みネタ,2016-12-13
大切り！真鯛,194,極みネタ,2016-12-13
ほたて,194,極みネタ,2016-12-13
牛カルビにぎり,108,創作・肉寿司,2016-12-13
大葉のせえんがわ,108,定番にぎり,2016-12-13
チャーシューにぎり,108,創作・肉寿司,2016-12-13
アボカドえび,108,創作・肉寿司,2016-12-13
合盛りえび,108,定番にぎり,2016-12-13
赤えび塩直火炙り,108,炙り・天ぷら,2016-12-13
大切り！真鯛塩直火炙り,194,極みネタ,2016-12-13
寒ぶりはらみ直火炙り,108,旬・特ネタ,2016-12-13
干ぴょう巻,108,軍艦・巻物,2016-12-13
豚しょうが焼き直火炙り,194,極みネタ,2016-12-13
とろサーモン,108,定番にぎり,2016-12-13
厚焼き玉子,108,一品物,2016-12-13
合盛りねばねば,108,軍艦・巻物,2016-12-13
ツナゲット,216,一品物,2016-12-13
ごくっ！旨鮭出汁の味噌ラーメン,324,お椀・麺,2016-12-13
大切り！真鯛塩直火炙り,194,極みネタ,2016-12-13
えび天にぎり,108,炙り・天ぷら,2016-12-13
とり唐揚げ,216,一品物,2016-12-13
寒ぶり,108,旬・特ネタ,2016-12-13
コーン,108,軍艦・巻物,2016-12-13
お子様大好き三貫盛り鮮極鮭いくら掛け,216,旬・特ネタ,2016-12-13
大切り！真鯛,194,極みネタ,2016-12-13
バニラアイス,108,デザート,2016-12-13
いか軟骨マヨ直火炙り,108,炙り・天ぷら,2016-12-13
牛カルビにぎり,108,創作・肉寿司,2016-12-13
鱒いくら,108,軍艦・巻物,2016-12-13
炙り白子の茶碗蒸し,194,旬・特ネタ,2016-12-13
真いか,108,定番にぎり,2016-12-13
あおさの味噌汁,194,お椀・麺,2016-12-13
コーン,108,軍艦・巻物,2016-12-13
寒ぶりのあつめし,324,旬・特ネタ,2016-12-13
いちごのケーキプリンパフェ,324,デザート,2016-12-13
ツナゲット,216,一品物,2016-12-13
寒ぶりのあら汁,324,旬・特ネタ,2016-12-13
貝の味噌汁,194,お椀・麺,2016-12-13
あんこうの唐揚げ,324,旬・特ネタ,2016-12-13
えび天うどん,324,お椀・麺,2016-12-13
いか軟骨マヨ直火炙り,108,炙り・天ぷら,2016-12-13
肉うどん,324,お椀・麺,2016-12-13
まぐろ,108,定番にぎり,2016-12-13
いか軟骨マヨ直火炙り,108,炙り・天ぷら,2016-12-13
赤えび塩直火炙り,108,炙り・天ぷら,2016-12-13
広島県産蒸しカキガーリックバターソース直火炙り,108,旬・特ネタ,2016-12-13
プレミアムホイッププリン,216,デザート,2016-12-13
冷やし白玉ぜんざい,108,デザート,2016-12-13
大切り！真鯛塩直火炙り,194,極みネタ,2016-12-13
寒ぶりのあら汁,324,旬・特ネタ,2016-12-13
デミマヨハンバーグ,108,創作・肉寿司,2016-12-13
広島県産蒸しカキガーリックバターソース直火炙り,108,旬・特ネタ,2016-12-13
いか軟骨マヨ直火炙り,108,炙り・天ぷら,2016-12-13
自家製とろかつお揚げたたきオニオンマヨ,108,創作・肉寿司,2016-12-13
ほたて,194,極みネタ,2016-12-13
まぐろ,108,定番にぎり,2016-12-13
バニラアイス,108,デザート,2016-12-13
肉いなり,108,創作・肉寿司,2016-12-13
七色のいくら手巻き盛り,302,旬・特ネタ,2016-12-13
大葉のせえんがわ,108,定番にぎり,2016-12-13
海鮮うま辛和え,108,軍艦・巻物,2016-12-13
わさびなす盛り,216,一品物,2016-12-13
極上大とろ,194,極みネタ,2016-12-13
自家製とろかつお揚げたたきオニオンマヨ,108,創作・肉寿司,2016-12-13
大切り！真鯛,194,極みネタ,2016-12-13
わさびなす盛り,216,一品物,2016-12-13
フローズンマンゴー,108,デザート,2016-12-13
デミマヨハンバーグ,108,創作・肉寿司,2016-12-13
鮮極生えび,108,定番にぎり,2016-12-13
ほたて,194,極みネタ,2016-12-13
大切り！真鯛,194,極みネタ,2016-12-13
ねぎだくペッパーねぎまぐろ,108,創作・肉寿司,2016-12-13
焼きサーモン,108,定番にぎり,2016-12-13
わさびなす盛り,216,一品物,2016-12-13
上煮穴子天握り(ハーフ),194,極みネタ,2016-12-13
赤えび塩直火炙り,108,炙り・天ぷら,2016-12-13
アボカドえび,108,創作・肉寿司,2016-12-13
大切り！真鯛塩直火炙り,194,極みネタ,2016-12-13
プレミアムプリン,216,デザート,2016-12-13
プレミアム和風プリン,216,デザート,2016-12-13
豚しょうが焼き直火炙り,194,極みネタ,2016-12-13
とり唐揚げ,216,一品物,2016-12-13
ツナゲットにぎり,108,創作・肉寿司,2016-12-13
まぐろ,108,定番にぎり,2016-12-13
上煮穴子直火炙り(ハーフ),194,極みネタ,2016-12-13
たくあん巻,108,軍艦・巻物,2016-12-13
鮮極鮭いくらのかっぱ茶漬け,324,旬・特ネタ,2016-12-13
豚しょうが焼き直火炙り,194,極みネタ,2016-12-13
いちごのケーキプリンパフェ,324,デザート,2016-12-13
ほっき貝,108,定番にぎり,2016-12-13
まぐろあら汁,324,お椀・麺,2016-12-13
えび天うどん,324,お椀・麺,2016-12-13
鮭とろっ軍艦,108,軍艦・巻物,2016-12-13
極上中とろ直火炙り,108,炙り・天ぷら,2016-12-13
フローズンマンゴー,108,デザート,2016-12-13
神戸牛入り甘辛ごぼうのぶっかけうどん,324,旬・特ネタ,2016-12-13
大切り！真鯛,194,極みネタ,2016-12-13
極上中とろ直火炙り,108,炙り・天ぷら,2016-12-13
プレミアムホワイトケーキ,216,デザート,2016-12-13
極上大とろ,194,極みネタ,2016-12-13
極上中とろ直火炙り,108,炙り・天ぷら,2016-12-13
枝豆,108,一品物,2016-12-13
上煮穴子天握り(ハーフ),194,極みネタ,2016-12-13
アーモンドチョコケーキ,216,デザート,2016-12-13
ごくっ！旨あっさり醤油ラーメン,324,お椀・麺,2016-12-13
鱒いくら,108,軍艦・巻物,2016-12-13
かにみそ,108,軍艦・巻物,2016-12-13
サラダロール,108,創作・肉寿司,2016-12-13
プレミアムプリン,216,デザート,2016-12-13
広島県産蒸しカキガーリックバターソース直火炙り,108,旬・特ネタ,2016-12-13
おつまみ盛り,216,一品物,2016-12-13
とろかつお,108,定番にぎり,2016-12-13
あんこうの唐揚げ,324,旬・特ネタ,2016-12-13
ごくっ！旨あっさり醤油ラーメン,324,お椀・麺,2016-12-13
鮮極鮭いくらとあん肝のおろし添え,324,旬・特ネタ,2016-12-13
ごくっ！旨鮭出汁の味噌ラーメン,324,お椀・麺,2016-12-13
穴子天うどん,324,お椀・麺,2016-12-13
極上中とろ直火炙り,108,炙り・天ぷら,2016-12-13
和風ハンバーグ,108,創作・肉寿司,2016-12-13
プレミアムプリン,216,デザート,2016-12-13
広島県産蒸しカキガーリックバターソース直火炙り,108,旬・特ネタ,2016-12-13
厚焼き玉子,108,一品物,2016-12-13
豚しょうが焼き直火炙り,194,極みネタ,2016-12-13
いちごのお手軽ショートケーキ,108,デザート,2016-12-13
ツナ,108,軍艦・巻物,2016-12-13
いか軟骨マヨ直火炙り,108,炙り・天ぷら,2016-12-13
豚しょうが焼き直火炙り,194,極みネタ,2016-12-13
あん肝きゅう,108,旬・特ネタ,2016-12-13
いちごのお手軽ショートケーキ,108,デザート,2016-12-13
とろサーモン直火炙り,108,炙り・天ぷら,2016-12-13
うに,108,軍艦・巻物,2016-12-13
極上中とろ直火炙り,108,炙り・天ぷら,2016-12-13
真いか,108,定番にぎり,2016-12-13
プレミアム和風プリン,216,デザート,2016-12-13
鮮極鮭いくら,108,定番にぎり,2016-12-13
とり唐揚げ,216,一品物,2016-12-13
茶碗蒸し,194,一品物,2016-12-13
冷やし白玉ぜんざい,108,デザート,2016-12-13
茶碗蒸し,194,一品物,2016-12-13
まぐろたたきアボカドロール,108,創作・肉寿司,2016-12-13
フライドポテト,216,一品物,2016-12-13
コーン,108,軍艦・巻物,2016-12-13
えび天巻,108,炙り・天ぷら,2016-12-13
とろサーモン直火炙り,108,炙り・天ぷら,2016-12-13
海鮮うま辛和え,108,軍艦・巻物,2016-12-13
大切り！真鯛塩直火炙り,194,極みネタ,2016-12-13
豪快いか天,108,炙り・天ぷら,2016-12-13
上煮穴子天握り(ハーフ),194,極みネタ,2016-12-13
まぐろあら汁,324,お椀・麺,2016-12-13
穴子天うどん,324,お椀・麺,2016-12-13
バニラアイス,108,デザート,2016-12-13
極上大とろ,194,極みネタ,2016-12-13
上煮穴子直火炙り(ハーフ),194,極みネタ,2016-12-13
とろサーモン直火炙り,108,炙り・天ぷら,2016-12-13
ごくっ！旨貝の塩白湯ラーメン,324,お椀・麺,2016-12-13
豪快いか天,108,炙り・天ぷら,2016-12-13
いちごのケーキプリンパフェ,324,デザート,2016-12-13
えびチーズマヨ直火炙り,108,炙り・天ぷら,2016-12-13
とろサーモン直火炙り,108,炙り・天ぷら,2016-12-13
牛カルビにぎり,108,創作・肉寿司,2016-12-13
牛すじうどん,324,お椀・麺,2016-12-13
びん長まぐろ,108,定番にぎり,2016-12-13
寒ぶりはらみ,108,旬・特ネタ,2016-12-13
肉いなり,108,創作・肉寿司,2016-12-13
ねぎだくペッパーねぎまぐろ,108,創作・肉寿司,2016-12-13
えび天にぎり,108,炙り・天ぷら,2016-12-13
いちごのケーキプリンパフェ,324,デザート,2016-12-13
ごくっ！旨あっさり醤油ラーメン,324,お椀・麺,2016-12-13
サラダ軍艦,108,軍艦・巻物,2016-12-13
サーモンチーズマヨ直火炙り,108,炙り・天ぷら,2016-12-13
北海道産小麦のまるごとシフォンケーキ,324,旬・特ネタ,2016-12-13
さっぱり蒸し鶏にぎり,108,創作・肉寿司,2016-12-13
たこやき,108,一品物,2016-12-13
わさびなす盛り,216,一品物,2016-12-13
とろ〆さば,108,定番にぎり,2016-12-13
フライドポテト,216,一品物,2016-12-13
おつまみ盛り,216,一品物,2016-12-13
ねぎだくペッパーねぎまぐろ,108,創作・肉寿司,2016-12-13
サーモン,108,定番にぎり,2016-12-13
とろ〆さば直火炙り,108,炙り・天ぷら,2016-12-13
とろかつお,108,定番にぎり,2016-12-13
アーモンドチョコケーキ,216,デザート,2016-12-13
チーズケーキ,108,デザート,2016-12-13
とろ〆さば直火炙り,108,炙り・天ぷら,2016-12-13
きつねうどん,324,お椀・麺,2016-12-13
まぐろあら汁,324,お椀・麺,2016-12-13
広島県産蒸しカキ岩塩直火炙り,108,旬・特ネタ,2016-12-13
プレミアムホイッププリン,216,デザート,2016-12-13
ししゃもっこ,108,軍艦・巻物,2016-12-13
とり唐揚げ,216,一品物,2016-12-13
厚焼き玉子,108,一品物,2016-12-13
きつねうどん,324,お椀・麺,2016-12-13
とろサーモン直火炙り,108,炙り・天ぷら,2016-12-13
上煮穴子天握り(ハーフ),194,極みネタ,2016-12-13
とり唐揚げ,216,一品物,2016-12-13
おつまみ盛り,216,一品物,2016-12-13
ノルウェーサーモン直火炙り,108,炙り・天ぷら,2016-12-13
鉄火巻,108,軍艦・巻物,2016-12-13
コーン,108,軍艦・巻物,2016-12-13
えび天巻,108,炙り・天ぷら,2016-12-13
いか軟骨マヨ直火炙り,108,炙り・天ぷら,2016-12-13
極上大とろ,194,極みネタ,2016-12-13
アボカドえび,108,創作・肉寿司,2016-12-13
ごくっ！旨鮭出汁の味噌ラーメン,324,お椀・麺,2016-12-13
茶碗蒸し,194,一品物,2016-12-13
まぐろたたきアボカドロール,108,創作・肉寿司,2016-12-13
甘海老軍艦,108,軍艦・巻物,2016-12-13
あおさの味噌汁,194,お椀・麺,2016-12-13
チョコアイス,108,デザート,2016-12-13
かにみそ,108,軍艦・巻物,2016-12-13
うに,108,軍艦・巻物,2016-12-13
厚焼き玉子,108,一品物,2016-12-13
わさびなす盛り,216,一品物,2016-12-13
おつまみ盛り,216,一品物,2016-12-13
サラダロール,108,創作・肉寿司,2016-12-13
ツナゲット,216,一品物,2016-12-13
寒ぶりのあら汁,324,旬・特ネタ,2016-12-13
ごくっ！旨貝の塩白湯ラーメン,324,お椀・麺,2016-12-13
いかおくら,108,軍艦・巻物,2016-12-13
大切り！真鯛,194,極みネタ,2016-12-13
ツナゲット,216,一品物,2016-12-13
鮮極鮭いくら,108,定番にぎり,2016-12-13
合盛りねばねば,108,軍艦・巻物,2016-12-13
かけうどん,162,お椀・麺,2016-12-13
山かけまぐろ,108,軍艦・巻物,2016-12-13
とろ〆さば,108,定番にぎり,2016-12-13
とろ〆さば直火炙り,108,炙り・天ぷら,2016-12-13
冷やし白玉ぜんざい,108,デザート,2016-12-13
ツナゲット,216,一品物,2016-12-13
ごくっ！旨あっさり醤油ラーメン,324,お椀・麺,2016-12-13
ごくっ！旨鮭出汁の味噌ラーメン,324,お椀・麺,2016-12-13
アボカドえび,108,創作・肉寿司,2016-12-13
かけうどん,162,お椀・麺,2016-12-13
上煮穴子天握り(ハーフ),194,極みネタ,2016-12-13
茶碗蒸し,194,一品物,2016-12-13
いなり,108,定番にぎり,2016-12-13
煮穴子,108,定番にぎり,2016-12-13
和風ハンバーグ,108,創作・肉寿司,2016-12-13
ほたて焦がし醤油直火炙り,108,炙り・天ぷら,2016-12-13
牛カルビにぎり,108,創作・肉寿司,2016-12-13
玉子,108,定番にぎり,2016-12-13
牛カルビにぎり,108,創作・肉寿司,2016-12-13
わさびなす盛り,216,一品物,2016-12-13
サーモンチーズマヨ直火炙り,108,炙り・天ぷら,2016-12-13
びん長まぐろ,108,定番にぎり,2016-12-13
豪快いか天,108,炙り・天ぷら,2016-12-13
合盛り玉子いなり,108,定番にぎり,2016-12-13
ごくっ！旨鮭出汁の味噌ラーメン,324,お椀・麺,2016-12-13
とろかつお,108,定番にぎり,2016-12-13
黒みる貝,108,定番にぎり,2016-12-13
たこやき,108,一品物,2016-12-13
いちごのお手軽ショートケーキ,108,デザート,2016-12-13
大切り！真鯛,194,極みネタ,2016-12-13
玉子,108,定番にぎり,2016-12-13
あおさの味噌汁,194,お椀・麺,2016-12-13
干ぴょう巻,108,軍艦・巻物,2016-12-13
大切り！真鯛,194,極みネタ,2016-12-13
えびチーズマヨ直火炙り,108,炙り・天ぷら,2016-12-13
サラダロール,108,創作・肉寿司,2016-12-13
鮭とろっ軍艦,108,軍艦・巻物,2016-12-13
ねぎだくペッパーねぎまぐろ,108,創作・肉寿司,2016-12-13
コーン,108,軍艦・巻物,2016-12-13
寒ぶりはらみ直火炙り,108,旬・特ネタ,2016-12-13
甘海老軍艦,108,軍艦・巻物,2016-12-13
えびチーズマヨ直火炙り,108,炙り・天ぷら,2016-12-13
チョコアイス,108,デザート,2016-12-13
デミマヨハンバーグ,108,創作・肉寿司,2016-12-13
なっとう巻,108,軍艦・巻物,2016-12-13
まぐろたたきアボカドロール,108,創作・肉寿司,2016-12-13
ツナゲットにぎり,108,創作・肉寿司,2016-12-13
つぶ貝,108,定番にぎり,2016-12-13
フライドポテト,216,一品物,2016-12-13
まぐろそぼろマヨ,108,軍艦・巻物,2016-12-13
赤えび塩直火炙り,108,炙り・天ぷら,2016-12-13
かっぱ巻,108,軍艦・巻物,2016-12-13
プレミアムホワイトケーキ,216,デザート,2016-12-13
プレミアム和風プリン,216,デザート,2016-12-13
かにみそ,108,軍艦・巻物,2016-12-13
ツナ,108,軍艦・巻物,2016-12-13
プレミアムホワイトケーキ,216,デザート,2016-12-13
プレミアムホワイトケーキ,216,デザート,2016-12-13
大切り！真鯛,194,極みネタ,2016-12-13
ほたて,194,極みネタ,2016-12-13
かけうどん,162,お椀・麺,2016-12-13
茶碗蒸し,194,一品物,2016-12-13
あん肝ポン酢ジュレのせ,108,旬・特ネタ,2016-12-13
極上大とろ,194,極みネタ,2016-12-13
サーモン,108,定番にぎり,2016-12-13
干ぴょう巻,108,軍艦・巻物,2016-12-14
ねぎだくペッパーねぎまぐろ,108,創作・肉寿司,2016-12-14
ぱっくり！半熟煮玉子軍艦,108,軍艦・巻物,2016-12-14
肉うどん,324,お椀・麺,2016-12-14
チョコアイス,108,デザート,2016-12-14
チョコのケーキプリンパフェ,324,デザート,2016-12-14
極上大とろ,194,極みネタ,2016-12-14
いなり,108,定番にぎり,2016-12-14
牛すじうどん,324,お椀・麺,2016-12-14
玉子,108,定番にぎり,2016-12-14
肉うどん,324,お椀・麺,2016-12-14
たこ,108,定番にぎり,2016-12-14
穴子天うどん,324,お椀・麺,2016-12-14
サーモンアボカドロール,108,創作・肉寿司,2016-12-14
コーン,108,軍艦・巻物,2016-12-14
うなぎ,108,定番にぎり,2016-12-14
えび天にぎり,108,炙り・天ぷら,2016-12-14
プレミアムホワイトケーキ,216,デザート,2016-12-14
穴子天うどん,324,お椀・麺,2016-12-14
鱒いくら,108,軍艦・巻物,2016-12-14
えび天にぎり,108,炙り・天ぷら,2016-12-14
ツナ,108,軍艦・巻物,2016-12-14
フローズンマンゴー,108,デザート,2016-12-14
フライドポテト,216,一品物,2016-12-14
いちごのケーキプリンパフェ,324,デザート,2016-12-14
びん長まぐろ,108,定番にぎり,2016-12-14
あおさの味噌汁,194,お椀・麺,2016-12-14
寒ぶり,108,旬・特ネタ,2016-12-14
サーモンアボカドロール,108,創作・肉寿司,2016-12-14
プレミアムホイッププリン,216,デザート,2016-12-14
とろサーモン直火炙り,108,炙り・天ぷら,2016-12-14
寒ぶりのあら汁,324,旬・特ネタ,2016-12-14
牛すじうどん,324,お椀・麺,2016-12-14
いちごのお手軽ショートケーキ,108,デザート,2016-12-14
あんこうの唐揚げ,324,旬・特ネタ,2016-12-14
〆いわし,108,定番にぎり,2016-12-14
鉄火巻,108,軍艦・巻物,2016-12-14
コーン,108,軍艦・巻物,2016-12-14
黒みる貝,108,定番にぎり,2016-12-14
えび天うどん,324,お椀・麺,2016-12-14
豚しょうが焼き直火炙り,194,極みネタ,2016-12-14
あおさの味噌汁,194,お椀・麺,2016-12-14
サーモンアボカドロール,108,創作・肉寿司,2016-12-14
ほっき貝,108,定番にぎり,2016-12-14
鮮極鮭いくらとあん肝のおろし添え,324,旬・特ネタ,2016-12-14
いか軟骨,108,定番にぎり,2016-12-14
プレミアムプリン,216,デザート,2016-12-14
ごくっ！旨貝の塩白湯ラーメン,324,お椀・麺,2016-12-14
合盛りねばねば,108,軍艦・巻物,2016-12-14
チョコのケーキプリンパフェ,324,デザート,2016-12-14
ごくっ！旨貝の塩白湯ラーメン,324,お椀・麺,2016-12-14
枝豆,108,一品物,2016-12-14
玉子,108,定番にぎり,2016-12-14
肉うどん,324,お椀・麺,2016-12-14
わさびなす盛り,216,一品物,2016-12-14
ごくっ！旨貝の塩白湯ラーメン,324,お椀・麺,2016-12-14
えび天うどん,324,お椀・麺,2016-12-14
合盛りねばねば,108,軍艦・巻物,2016-12-14
和風ハンバーグ,108,創作・肉寿司,2016-12-14
とろ〆さば直火炙り,108,炙り・天ぷら,2016-12-14
とろ〆さば直火炙り,108,炙り・天ぷら,2016-12-14
バニラアイス,108,デザート,2016-12-14
バニラアイス,108,デザート,2016-12-14
寒ぶりのあつめし,324,旬・特ネタ,2016-12-14
熟成かれい,108,定番にぎり,2016-12-14
合盛りコーンとサラダ,108,軍艦・巻物,2016-12-14
アボカドえび,108,創作・肉寿司,2016-12-14
ほっき貝,108,定番にぎり,2016-12-14
あおさの味噌汁,194,お椀・麺,2016-12-14
白子ポン酢ジュレのせ,108,旬・特ネタ,2016-12-14
寒ぶり,108,旬・特ネタ,2016-12-14
アボカドサーモン,108,創作・肉寿司,2016-12-14
ほたて焦がし醤油直火炙り,108,炙り・天ぷら,2016-12-14
サーモンアボカドロール,108,創作・肉寿司,2016-12-14
かけうどん,162,お椀・麺,2016-12-14
フライドポテト,216,一品物,2016-12-14
わさびなす盛り,216,一品物,2016-12-14
チョコのケーキプリンパフェ,324,デザート,2016-12-14
びん長まぐろ,108,定番にぎり,2016-12-14
鉄火巻,108,軍艦・巻物,2016-12-14
大切り！真鯛塩直火炙り,194,極みネタ,2016-12-14
かにみそ,108,軍艦・巻物,2016-12-14
たこやき,108,一品物,2016-12-14
極上大とろ,194,極みネタ,2016-12-14
ししゃもっこ,108,軍艦・巻物,2016-12-14
オニオンサーモン,108,創作・肉寿司,2016-12-14
寿司屋の天ぷら海の宝石ディップ,518,旬・特ネタ,2016-12-14
サーモンチーズマヨ直火炙り,108,炙り・天ぷら,2016-12-14
ツナゲット,216,一品物,2016-12-14
まぐろあら汁,324,お椀・麺,2016-12-14
まぐろあら汁,324,お椀・麺,2016-12-14
冷やし白玉ぜんざい,108,デザート,2016-12-14
たこやき,108,一品物,2016-12-14
大切り！真鯛,194,極みネタ,2016-12-14
あん肝きゅう,108,旬・特ネタ,2016-12-14
北海道産小麦のまるごとシフォンケーキ,324,旬・特ネタ,2016-12-14
寿司屋のたたき,108,軍艦・巻物,2016-12-14
ほたて焦がし醤油直火炙り,108,炙り・天ぷら,2016-12-14
寒ぶり,108,旬・特ネタ,2016-12-14
鮮極鮭いくらとあん肝のカップル軍艦,194,旬・特ネタ,2016-12-14
枝豆,108,一品物,2016-12-14
豚しょうが焼き直火炙り,194,極みネタ,2016-12-14
鉄火巻,108,軍艦・巻物,2016-12-14
大切り！真鯛,194,極みネタ,2016-12-14
茶碗蒸し,194,一品物,2016-12-14
かけうどん,162,お椀・麺,2016-12-14
鮮極鮭いくらと海鮮の宝石箱,496,旬・特ネタ,2016-12-14
とり唐揚げ,216,一品物,2016-12-14
寒ぶりはらみ直火炙り,108,旬・特ネタ,2016-12-14
広島県産蒸しカキポン酢ジュレのせ,108,旬・特ネタ,2016-12-14
ごくっ！旨あっさり醤油ラーメン,324,お椀・麺,2016-12-14
ごくっ！旨あっさり醤油ラーメン,324,お椀・麺,2016-12-14
極上中とろ直火炙り,108,炙り・天ぷら,2016-12-14
えび天巻,108,炙り・天ぷら,2016-12-14
うなぎ,108,定番にぎり,2016-12-14
とろサーモン直火炙り,108,炙り・天ぷら,2016-12-14
チーズケーキ,108,デザート,2016-12-14
きつねうどん,324,お椀・麺,2016-12-14
たこやき,108,一品物,2016-12-14
枝豆,108,一品物,2016-12-14
ねぎだくペッパーねぎまぐろ,108,創作・肉寿司,2016-12-14
広島県産蒸しカキガーリックバターソース直火炙り,108,旬・特ネタ,2016-12-14
ツナゲット,216,一品物,2016-12-14
北海道産小麦のまるごとシフォンケーキ,324,旬・特ネタ,2016-12-14
チョコのケーキプリンパフェ,324,デザート,2016-12-14
プレミアムプリン,216,デザート,2016-12-14
うなぎ,108,定番にぎり,2016-12-14
寒ぶりのあつめし,324,旬・特ネタ,2016-12-14
いかおくら,108,軍艦・巻物,2016-12-14
豚しょうが焼き直火炙り,194,極みネタ,2016-12-14
極上中とろ,108,定番にぎり,2016-12-14
大切り！真鯛塩直火炙り,194,極みネタ,2016-12-14
上煮穴子直火炙り(ハーフ),194,極みネタ,2016-12-14
チョコアイス,108,デザート,2016-12-14
ほたて,194,極みネタ,2016-12-14
大あじ,108,定番にぎり,2016-12-14
まぐろあら汁,324,お椀・麺,2016-12-14
とろサーモン直火炙り,108,炙り・天ぷら,2016-12-14
玉子チーズマヨ直火炙り,108,炙り・天ぷら,2016-12-14
アボカドえび,108,創作・肉寿司,2016-12-14
ほたて,194,極みネタ,2016-12-14
茶碗蒸し,194,一品物,2016-12-14
〆いわし,108,定番にぎり,2016-12-14
茶碗蒸し,194,一品物,2016-12-14
肉いなり,108,創作・肉寿司,2016-12-14
いか軟骨マヨ直火炙り,108,炙り・天ぷら,2016-12-14
極上大とろ,194,極みネタ,2016-12-14
ごくっ！旨貝の塩白湯ラーメン,324,お椀・麺,2016-12-14
合盛りねばねば,108,軍艦・巻物,2016-12-14
真いか,108,定番にぎり,2016-12-14
たこやき,108,一品物,2016-12-14
肉うどん,324,お椀・麺,2016-12-14
ほっき貝,108,定番にぎり,2016-12-14
豚しょうが焼き直火炙り,194,極みネタ,2016-12-14
極上大とろ,194,極みネタ,2016-12-14
赤えび塩直火炙り,108,炙り・天ぷら,2016-12-14
肉いなり,108,創作・肉寿司,2016-12-14
寒ぶりのあつめし,324,旬・特ネタ,2016-12-14
牛カルビにぎり,108,創作・肉寿司,2016-12-14
わさびなす盛り,216,一品物,2016-12-14
バニラアイス,108,デザート,2016-12-14
上煮穴子直火炙り(ハーフ),194,極みネタ,2016-12-14
なっとう軍艦,108,軍艦・巻物,2016-12-14
鱒いくら,108,軍艦・巻物,2016-12-14
つぶ貝,108,定番にぎり,2016-12-14
赤えび,108,定番にぎり,2016-12-14
まぐたく,108,軍艦・巻物,2016-12-14
プレミアムホワイトケーキ,216,デザート,2016-12-14
いかおくら,108,軍艦・巻物,2016-12-14
貝の味噌汁,194,お椀・麺,2016-12-14
アーモンドチョコケーキ,216,デザート,2016-12-14
焼きサーモン,108,定番にぎり,2016-12-14
オニオンサーモン,108,創作・肉寿司,2016-12-14
サーモンアボカドロール,108,創作・肉寿司,2016-12-14
アボカドサーモン,108,創作・肉寿司,2016-12-14
牛カルビにぎり,108,創作・肉寿司,2016-12-14
チョコのケーキプリンパフェ,324,デザート,2016-12-14
鮮極鮭いくらとあん肝のおろし添え,324,旬・特ネタ,2016-12-14
いか軟骨マヨ直火炙り,108,炙り・天ぷら,2016-12-14
サーモン,108,定番にぎり,2016-12-14
赤えび塩直火炙り,108,炙り・天ぷら,2016-12-14
えび天にぎり,108,炙り・天ぷら,2016-12-14
きつねうどん,324,お椀・麺,2016-12-14
わさびなす盛り,216,一品物,2016-12-14
穴子天うどん,324,お椀・麺,2016-12-14
合盛りえび,108,定番にぎり,2016-12-14
ツナゲット,216,一品物,2016-12-14
熟成かれい,108,定番にぎり,2016-12-14
まぐろたたきアボカドロール,108,創作・肉寿司,2016-12-14
ノルウェーサーモン直火炙り,108,炙り・天ぷら,2016-12-14
神戸牛入り甘辛ごぼうのぶっかけうどん,324,旬・特ネタ,2016-12-14
ごくっ！旨貝の塩白湯ラーメン,324,お椀・麺,2016-12-14
サーモン,108,定番にぎり,2016-12-14
サーモンアボカドロール,108,創作・肉寿司,2016-12-14
貝の味噌汁,194,お椀・麺,2016-12-14
オニオンサーモン,108,創作・肉寿司,2016-12-14
えび天にぎり,108,炙り・天ぷら,2016-12-14
炙り白子の茶碗蒸し,194,旬・特ネタ,2016-12-14
合盛りねばねば,108,軍艦・巻物,2016-12-14
うに,108,軍艦・巻物,2016-12-14
わさびなす盛り,216,一品物,2016-12-14
ほたて,194,極みネタ,2016-12-14
鮭とろっ軍艦,108,軍艦・巻物,2016-12-14
プレミアムホイッププリン,216,デザート,2016-12-14
いちごのお手軽ショートケーキ,108,デザート,2016-12-14
かけうどん,162,お椀・麺,2016-12-14
上煮穴子天握り(ハーフ),194,極みネタ,2016-12-14
ノルウェーサーモン直火炙り,108,炙り・天ぷら,2016-12-14
えびチーズマヨ直火炙り,108,炙り・天ぷら,2016-12-14
えび天にぎり,108,炙り・天ぷら,2016-12-14
極上大とろ,194,極みネタ,2016-12-14
寒ぶりはらみ直火炙り,108,旬・特ネタ,2016-12-14
かけうどん,162,お椀・麺,2016-12-14
広島県産蒸しカキガーリックバターソース直火炙り,108,旬・特ネタ,2016-12-14
本ずわい蟹,194,旬・特ネタ,2016-12-14
ほたて,194,極みネタ,2016-12-14
茶碗蒸し,194,一品物,2016-12-14
フローズンマンゴー,108,デザート,2016-12-14
わさびなす,108,定番にぎり,2016-12-14
赤えび塩直火炙り,108,炙り・天ぷら,2016-12-14
とろサーモン直火炙り,108,炙り・天ぷら,2016-12-14
鮮極鮭いくらの４色SUSHIケーキ,410,旬・特ネタ,2016-12-14
大切り！真鯛,194,極みネタ,2016-12-14
サーモンアボカドロール,108,創作・肉寿司,2016-12-14
極上大とろ,194,極みネタ,2016-12-14
わさびなす盛り,216,一品物,2016-12-14
サラダロール,108,創作・肉寿司,2016-12-14
なっとう軍艦,108,軍艦・巻物,2016-12-14
鮮極鮭いくらのかっぱ茶漬け,324,旬・特ネタ,2016-12-14
たこやき,108,一品物,2016-12-14
まぐたく,108,軍艦・巻物,2016-12-14
アボカドサーモン,108,創作・肉寿司,2016-12-14
大切り！真鯛塩直火炙り,194,極みネタ,2016-12-14
アボカドえび,108,創作・肉寿司,2016-12-14
ほたて,194,極みネタ,2016-12-14
チーズケーキ,108,デザート,2016-12-14
ほっき貝,108,定番にぎり,2016-12-14
オニオンサーモン,108,創作・肉寿司,2016-12-14
牛カルビにぎり,108,創作・肉寿司,2016-12-14
ほたて焦がし醤油直火炙り,108,炙り・天ぷら,2016-12-14
ツナゲット,216,一品物,2016-12-14
まぐたく,108,軍艦・巻物,2016-12-14
寒ぶりはらみ,108,旬・特ネタ,2016-12-14
上煮穴子直火炙り(ハーフ),194,極みネタ,2016-12-14
七色のいくら手巻き盛り,302,旬・特ネタ,2016-12-14
オニオンサーモン,108,創作・肉寿司,2016-12-14
あおさの味噌汁,194,お椀・麺,2016-12-14
熟成かれい,108,定番にぎり,2016-12-14
合盛りえび,108,定番にぎり,2016-12-14
肉うどん,324,お椀・麺,2016-12-14
サラダ軍艦,108,軍艦・巻物,2016-12-14
極上大とろ,194,極みネタ,2016-12-14
こういか,108,定番にぎり,2016-12-14
炙り白子の茶碗蒸し,194,旬・特ネタ,2016-12-14
かけうどん,162,お椀・麺,2016-12-14
大葉のせえんがわ,108,定番にぎり,2016-12-14
ノルウェーサーモン,108,定番にぎり,2016-12-14
なっとう軍艦,108,軍艦・巻物,2016-12-14
かけうどん,162,お椀・麺,2016-12-14
とろサーモン直火炙り,108,炙り・天ぷら,2016-12-14
大切り！真鯛,194,極みネタ,2016-12-14
ツナ,108,軍艦・巻物,2016-12-14
とり唐揚げ,216,一品物,2016-12-14
鮮極鮭いくら,108,定番にぎり,2016-12-14
チーズケーキ,108,デザート,2016-12-14
チャーシューにぎり,108,創作・肉寿司,2016-12-14
とろかつお,108,定番にぎり,2016-12-14
焼きサーモン,108,定番にぎり,2016-12-14
極上大とろ,194,極みネタ,2016-12-14
炙り白子の茶碗蒸し,194,旬・特ネタ,2016-12-14
とろかつお,108,定番にぎり,2016-12-14
プレミアムプリン,216,デザート,2016-12-14
山かけまぐろ,108,軍艦・巻物,2016-12-14
ツナゲット,216,一品物,2016-12-14
焼きサーモン,108,定番にぎり,2016-12-14
びん長まぐろ,108,定番にぎり,2016-12-14
まぐろたたきアボカドロール,108,創作・肉寿司,2016-12-14
チーズケーキ,108,デザート,2016-12-14
あん肝ポン酢ジュレのせ,108,旬・特ネタ,2016-12-14
茶碗蒸し,194,一品物,2016-12-14
やりいか,108,定番にぎり,2016-12-14
ノルウェーサーモン直火炙り,108,炙り・天ぷら,2016-12-14
えび天にぎり,108,炙り・天ぷら,2016-12-14
まぐろあら汁,324,お椀・麺,2016-12-14
えび天うどん,324,お椀・麺,2016-12-14
冷やし白玉ぜんざい,108,デザート,2016-12-14
貝の味噌汁,194,お椀・麺,2016-12-14
オニオンサーモン,108,創作・肉寿司,2016-12-14
種子島産安納芋プリン,216,旬・特ネタ,2016-12-14
まぐろたたきアボカドロール,108,創作・肉寿司,2016-12-14
七色のいくら手巻き盛り,302,旬・特ネタ,2016-12-14
〆いわし,108,定番にぎり,2016-12-14
コーン,108,軍艦・巻物,2016-12-14
合盛りコーンとサラダ,108,軍艦・巻物,2016-12-14
ごくっ！旨あっさり醤油ラーメン,324,お椀・麺,2016-12-14
ノルウェーサーモン直火炙り,108,炙り・天ぷら,2016-12-14
寒ぶりはらみ,108,旬・特ネタ,2016-12-14
枝豆,108,一品物,2016-12-14
自家製とろかつお揚げたたきオニオンマヨ,108,創作・肉寿司,2016-12-14
プレミアムプリン,216,デザート,2016-12-14
炙り白子の茶碗蒸し,194,旬・特ネタ,2016-12-14
穴子天うどん,324,お椀・麺,2016-12-14
冷やし白玉ぜんざい,108,デザート,2016-12-14
びん長まぐろ,108,定番にぎり,2016-12-14
えびチーズマヨ直火炙り,108,炙り・天ぷら,2016-12-14
フライドポテト,216,一品物,2016-12-14
とろサーモン直火炙り,108,炙り・天ぷら,2016-12-14
オニオンサーモン,108,創作・肉寿司,2016-12-14
アーモンドチョコケーキ,216,デザート,2016-12-14
ツナゲットにぎり,108,創作・肉寿司,2016-12-14
玉子,108,定番にぎり,2016-12-14
デミマヨハンバーグ,108,創作・肉寿司,2016-12-14
肉いなり,108,創作・肉寿司,2016-12-14
上煮穴子直火炙り(ハーフ),194,極みネタ,2016-12-14
プレミアムプリン,216,デザート,2016-12-14
生たこ,108,定番にぎり,2016-12-14
ごくっ！旨鮭出汁の味噌ラーメン,324,お椀・麺,2016-12-14
えび,108,定番にぎり,2016-12-14
大切り！真鯛塩直火炙り,194,極みネタ,2016-12-14
うに,108,軍艦・巻物,2016-12-14
とろ〆さば直火炙り,108,炙り・天ぷら,2016-12-14
肉いなり,108,創作・肉寿司,2016-12-14
フライドポテト,216,一品物,2016-12-14
広島県産蒸しカキ岩塩直火炙り,108,旬・特ネタ,2016-12-14
鮮極鮭いくら,108,定番にぎり,2016-12-14
とろサーモン直火炙り,108,炙り・天ぷら,2016-12-14
牛カルビにぎり,108,創作・肉寿司,2016-12-14
まぐろたたき,108,軍艦・巻物,2016-12-14
上煮穴子天握り(ハーフ),194,極みネタ,2016-12-14
冷やし白玉ぜんざい,108,デザート,2016-12-14
えび天うどん,324,お椀・麺,2016-12-14
真いか,108,定番にぎり,2016-12-14
あおさの味噌汁,194,お椀・麺,2016-12-14
サーモンアボカドロール,108,創作・肉寿司,2016-12-14
〆いわし,108,定番にぎり,2016-12-14
茶碗蒸し,194,一品物,2016-12-14
冷やし白玉ぜんざい,108,デザート,2016-12-14
かにみそ,108,軍艦・巻物,2016-12-14
とろサーモン,108,定番にぎり,2016-12-14
ごくっ！旨鮭出汁の味噌ラーメン,324,お椀・麺,2016-12-14
とろ〆さば直火炙り,108,炙り・天ぷら,2016-12-14
甘海老軍艦,108,軍艦・巻物,2016-12-14
いか軟骨マヨ直火炙り,108,炙り・天ぷら,2016-12-14
極上大とろ,194,極みネタ,2016-12-14
真いか,108,定番にぎり,2016-12-14
チョコアイス,108,デザート,2016-12-14
わさびなす盛り,216,一品物,2016-12-14
コーン,108,軍艦・巻物,2016-12-14
極上大とろ,194,極みネタ,2016-12-14
とろ〆さば,108,定番にぎり,2016-12-14
上煮穴子直火炙り(ハーフ),194,極みネタ,2016-12-14
サーモン,108,定番にぎり,2016-12-14
肉うどん,324,お椀・麺,2016-12-14
サーモンチーズマヨ直火炙り,108,炙り・天ぷら,2016-12-14
ぱっくり！半熟煮玉子軍艦,108,軍艦・巻物,2016-12-14
わさびなす盛り,216,一品物,2016-12-14
とろ〆さば直火炙り,108,炙り・天ぷら,2016-12-14
サーモン,108,定番にぎり,2016-12-14
極上大とろ,194,極みネタ,2016-12-14
えびチーズマヨ直火炙り,108,炙り・天ぷら,2016-12-14
とろサーモン,108,定番にぎり,2016-12-14
いちごのケーキプリンパフェ,324,デザート,2016-12-14
とろかつお,108,定番にぎり,2016-12-14
大切り！真鯛,194,極みネタ,2016-12-14
まぐろたたき,108,軍艦・巻物,2016-12-14
たくあん巻,108,軍艦・巻物,2016-12-14
大切り！真鯛塩直火炙り,194,極みネタ,2016-12-14
えびチーズマヨ直火炙り,108,炙り・天ぷら,2016-12-14
極上中とろ直火炙り,108,炙り・天ぷら,2016-12-14
とり唐揚げ,216,一品物,2016-12-14
赤えび塩直火炙り,108,炙り・天ぷら,2016-12-14
びん長まぐろ,108,定番にぎり,2016-12-14
豚しょうが焼き直火炙り,194,極みネタ,2016-12-14
さっぱり蒸し鶏にぎり,108,創作・肉寿司,2016-12-14
熟成かれい,108,定番にぎり,2016-12-14
バニラアイス,108,デザート,2016-12-14
あん肝きゅう,108,旬・特ネタ,2016-12-14
チョコのケーキプリンパフェ,324,デザート,2016-12-14
ツナゲット,216,一品物,2016-12-14
鮮極鮭いくら,108,定番にぎり,2016-12-14
鮮極鮭いくらと海鮮の宝石箱,496,旬・特ネタ,2016-12-14
熟成かれい,108,定番にぎり,2016-12-14
おつまみ盛り,216,一品物,2016-12-14
サーモンチーズマヨ直火炙り,108,炙り・天ぷら,2016-12-14
黒みる貝,108,定番にぎり,2016-12-14
極上大とろ,194,極みネタ,2016-12-14
フライドポテト,216,一品物,2016-12-14
チョコアイス,108,デザート,2016-12-14
牛すじうどん,324,お椀・麺,2016-12-14
牛カルビにぎり,108,創作・肉寿司,2016-12-14
極上大とろ,194,極みネタ,2016-12-14
いちごのケーキプリンパフェ,324,デザート,2016-12-14
玉子,108,定番にぎり,2016-12-14
寿司屋のたたき,108,軍艦・巻物,2016-12-14
自家製とろかつお揚げたたきオニオンマヨ,108,創作・肉寿司,2016-12-14
びん長まぐろ,108,定番にぎり,2016-12-14
ツナゲットにぎり,108,創作・肉寿司,2016-12-14
ツナゲットにぎり,108,創作・肉寿司,2016-12-14
上煮穴子天握り(ハーフ),194,極みネタ,2016-12-14
ツナゲット,216,一品物,2016-12-14
サーモンチーズマヨ直火炙り,108,炙り・天ぷら,2016-12-14
わさびなす盛り,216,一品物,2016-12-14
牛カルビにぎり,108,創作・肉寿司,2016-12-14
あん肝きゅう,108,旬・特ネタ,2016-12-14
本ずわい蟹,194,旬・特ネタ,2016-12-14
えびチーズマヨ直火炙り,108,炙り・天ぷら,2016-12-14
とろ〆さば直火炙り,108,炙り・天ぷら,2016-12-14
鮮極鮭いくらとあん肝のおろし添え,324,旬・特ネタ,2016-12-14
豚しょうが焼き直火炙り,194,極みネタ,2016-12-14
とろサーモン直火炙り,108,炙り・天ぷら,2016-12-14
プレミアム和風プリン,216,デザート,2016-12-14
ぱっくり！半熟煮玉子軍艦,108,軍艦・巻物,2016-12-14
アーモンドチョコケーキ,216,デザート,2016-12-14
黒みる貝,108,定番にぎり,2016-12-14
熟成かれい,108,定番にぎり,2016-12-14
鉄火巻,108,軍艦・巻物,2016-12-14
上煮穴子天握り(ハーフ),194,極みネタ,2016-12-14
肉いなり,108,創作・肉寿司,2016-12-14
わさびなす盛り,216,一品物,2016-12-14
合盛りコーンとサラダ,108,軍艦・巻物,2016-12-14
肉いなり,108,創作・肉寿司,2016-12-14
あん肝ポン酢ジュレのせ,108,旬・特ネタ,2016-12-14
いか軟骨マヨ直火炙り,108,炙り・天ぷら,2016-12-14
鱒いくら,108,軍艦・巻物,2016-12-14
極上中とろ,108,定番にぎり,2016-12-14
牛すじうどん,324,お椀・麺,2016-12-14
いかおくら,108,軍艦・巻物,2016-12-14
さっぱり蒸し鶏にぎり,108,創作・肉寿司,2016-12-14
アボカドサーモン,108,創作・肉寿司,2016-12-14
えび天うどん,324,お椀・麺,2016-12-14
白子ポン酢ジュレのせ,108,旬・特ネタ,2016-12-14
赤えび塩直火炙り,108,炙り・天ぷら,2016-12-14
玉子チーズマヨ直火炙り,108,炙り・天ぷら,2016-12-14
合盛りえび,108,定番にぎり,2016-12-14
あおさの味噌汁,194,お椀・麺,2016-12-14
まぐたく,108,軍艦・巻物,2016-12-14
ツナゲットにぎり,108,創作・肉寿司,2016-12-14
合盛りえび,108,定番にぎり,2016-12-14
いちごのケーキプリンパフェ,324,デザート,2016-12-14
サーモンアボカドロール,108,創作・肉寿司,2016-12-14
大切り！真鯛塩直火炙り,194,極みネタ,2016-12-14
ツナゲット,216,一品物,2016-12-14
プレミアムホワイトケーキ,216,デザート,2016-12-14
広島県産蒸しカキポン酢ジュレのせ,108,旬・特ネタ,2016-12-14
かっぱ巻,108,軍艦・巻物,2016-12-14
上煮穴子直火炙り(ハーフ),194,極みネタ,2016-12-14
冷やし白玉ぜんざい,108,デザート,2016-12-14
チョコのケーキプリンパフェ,324,デザート,2016-12-14
熟成かれい,108,定番にぎり,2016-12-14
赤えび塩直火炙り,108,炙り・天ぷら,2016-12-14
山かけまぐろ,108,軍艦・巻物,2016-12-14
貝の味噌汁,194,お椀・麺,2016-12-14
ぱっくり！半熟煮玉子軍艦,108,軍艦・巻物,2016-12-14
フライドポテト,216,一品物,2016-12-14
うに,108,軍艦・巻物,2016-12-14
かっぱ巻,108,軍艦・巻物,2016-12-14
極上中とろ直火炙り,108,炙り・天ぷら,2016-12-14
サラダ軍艦,108,軍艦・巻物,2016-12-14
プレミアムプリン,216,デザート,2016-12-14
おつまみ盛り,216,一品物,2016-12-14
かけうどん,162,お椀・麺,2016-12-14
寒ぶりはらみ,108,旬・特ネタ,2016-12-14
大葉のせえんがわ,108,定番にぎり,2016-12-14
サラダ軍艦,108,軍艦・巻物,2016-12-14
ごくっ！旨鮭出汁の味噌ラーメン,324,お椀・麺,2016-12-14
合盛りコーンとサラダ,108,軍艦・巻物,2016-12-14
とろサーモン直火炙り,108,炙り・天ぷら,2016-12-14
上煮穴子天握り(ハーフ),194,極みネタ,2016-12-14
大切り！真鯛,194,極みネタ,2016-12-14
ノルウェーサーモン直火炙り,108,炙り・天ぷら,2016-12-14
とろ〆さば直火炙り,108,炙り・天ぷら,2016-12-14
大切り！真鯛塩直火炙り,194,極みネタ,2016-12-14
上煮穴子天握り(ハーフ),194,極みネタ,2016-12-14
まぐろたたきアボカドロール,108,創作・肉寿司,2016-12-14
白子ポン酢ジュレのせ,108,旬・特ネタ,2016-12-14
大切り！真鯛,194,極みネタ,2016-12-14
きつねうどん,324,お椀・麺,2016-12-14
ほたて,194,極みネタ,2016-12-14
厚焼き玉子,108,一品物,2016-12-14
大切り！真鯛,194,極みネタ,2016-12-14
ツナゲットにぎり,108,創作・肉寿司,2016-12-14
合盛りコーンとサラダ,108,軍艦・巻物,2016-12-14
冷やし白玉ぜんざい,108,デザート,2016-12-14
大切り！真鯛,194,極みネタ,2016-12-14
オニオンサーモン,108,創作・肉寿司,2016-12-14
ねぎだくペッパーねぎまぐろ,108,創作・肉寿司,2016-12-14
極上大とろ,194,極みネタ,2016-12-14
鱒いくら,108,軍艦・巻物,2016-12-14
ほたて,194,極みネタ,2016-12-14
サラダロール,108,創作・肉寿司,2016-12-14
豪快いか天,108,炙り・天ぷら,2016-12-14
チャーシューにぎり,108,創作・肉寿司,2016-12-14
海鮮三宝のプチプチ手巻き,302,旬・特ネタ,2016-12-14
あん肝きゅう,108,旬・特ネタ,2016-12-14
ツナゲット,216,一品物,2016-12-14
上煮穴子天握り(ハーフ),194,極みネタ,2016-12-14
寿司屋のたたき,108,軍艦・巻物,2016-12-14
大切り！真鯛,194,極みネタ,2016-12-14
まぐたく,108,軍艦・巻物,2016-12-14
和風ハンバーグ,108,創作・肉寿司,2016-12-14
プレミアムホイッププリン,216,デザート,2016-12-15
とろ〆さば,108,定番にぎり,2016-12-15
玉子チーズマヨ直火炙り,108,炙り・天ぷら,2016-12-15
極上中とろ直火炙り,108,炙り・天ぷら,2016-12-15
フライドポテト,216,一品物,2016-12-15
かにみそ,108,軍艦・巻物,2016-12-15
えび天にぎり,108,炙り・天ぷら,2016-12-15
わさびなす盛り,216,一品物,2016-12-15
ほっき貝,108,定番にぎり,2016-12-15
まぐろたたき,108,軍艦・巻物,2016-12-15
プレミアムホイッププリン,216,デザート,2016-12-15
焼きサーモン,108,定番にぎり,2016-12-15
鮮極生えび,108,定番にぎり,2016-12-15
とろ〆さば直火炙り,108,炙り・天ぷら,2016-12-15
冷やし白玉ぜんざい,108,デザート,2016-12-15
デミマヨハンバーグ,108,創作・肉寿司,2016-12-15
枝豆,108,一品物,2016-12-15
ほたて,194,極みネタ,2016-12-15
大切り！真鯛,194,極みネタ,2016-12-15
さっぱり蒸し鶏にぎり,108,創作・肉寿司,2016-12-15
茶碗蒸し,194,一品物,2016-12-15
わさびなす盛り,216,一品物,2016-12-15
牛カルビにぎり,108,創作・肉寿司,2016-12-15
赤えび塩直火炙り,108,炙り・天ぷら,2016-12-15
赤えび,108,定番にぎり,2016-12-15
種子島産安納芋プリン,216,旬・特ネタ,2016-12-15
豚しょうが焼き直火炙り,194,極みネタ,2016-12-15
アーモンドチョコケーキ,216,デザート,2016-12-15
たくあん巻,108,軍艦・巻物,2016-12-15
えび天巻,108,炙り・天ぷら,2016-12-15
大葉のせえんがわ,108,定番にぎり,2016-12-15
北海道産小麦のまるごとシフォンケーキ,324,旬・特ネタ,2016-12-15
アボカドサーモン,108,創作・肉寿司,2016-12-15
海鮮うま辛和え,108,軍艦・巻物,2016-12-15
ノルウェーサーモン直火炙り,108,炙り・天ぷら,2016-12-15
えび天巻,108,炙り・天ぷら,2016-12-15
チョコアイス,108,デザート,2016-12-15
デミマヨハンバーグ,108,創作・肉寿司,2016-12-15
きつねうどん,324,お椀・麺,2016-12-15
たこやき,108,一品物,2016-12-15
牛カルビにぎり,108,創作・肉寿司,2016-12-15
プレミアムホイッププリン,216,デザート,2016-12-15
いかおくら,108,軍艦・巻物,2016-12-15
〆いわし,108,定番にぎり,2016-12-15
黒みる貝,108,定番にぎり,2016-12-15
プレミアム和風プリン,216,デザート,2016-12-15
デミマヨハンバーグ,108,創作・肉寿司,2016-12-15
豪快いか天,108,炙り・天ぷら,2016-12-15
極上大とろ,194,極みネタ,2016-12-15
鮮極鮭いくら,108,定番にぎり,2016-12-15
合盛りねばねば,108,軍艦・巻物,2016-12-15
豚しょうが焼き直火炙り,194,極みネタ,2016-12-15
生たこ,108,定番にぎり,2016-12-15
えびチーズマヨ直火炙り,108,炙り・天ぷら,2016-12-15
鮮極鮭いくらと海鮮の宝石箱,496,旬・特ネタ,2016-12-15
フライドポテト,216,一品物,2016-12-15
枝豆,108,一品物,2016-12-15
牛すじうどん,324,お椀・麺,2016-12-15
フライドポテト,216,一品物,2016-12-15
本ずわい蟹,194,旬・特ネタ,2016-12-15
きつねうどん,324,お椀・麺,2016-12-15
チャーシューにぎり,108,創作・肉寿司,2016-12-15
プレミアムホイッププリン,216,デザート,2016-12-15
いちごのケーキプリンパフェ,324,デザート,2016-12-15
サーモンアボカドロール,108,創作・肉寿司,2016-12-15
いか軟骨,108,定番にぎり,2016-12-15
まぐろ,108,定番にぎり,2016-12-15
上煮穴子天握り(ハーフ),194,極みネタ,2016-12-15
たくあん巻,108,軍艦・巻物,2016-12-15
あん肝ポン酢ジュレのせ,108,旬・特ネタ,2016-12-15
アーモンドチョコケーキ,216,デザート,2016-12-15
赤貝,108,定番にぎり,2016-12-15
アボカドえび,108,創作・肉寿司,2016-12-15
玉子チーズマヨ直火炙り,108,炙り・天ぷら,2016-12-15
大切り！真鯛塩直火炙り,194,極みネタ,2016-12-15
ツナゲット,216,一品物,2016-12-15
和風ハンバーグ,108,創作・肉寿司,2016-12-15
わさびなす盛り,216,一品物,2016-12-15
大切り！真鯛塩直火炙り,194,極みネタ,2016-12-15
なっとう軍艦,108,軍艦・巻物,2016-12-15
いなり,108,定番にぎり,2016-12-15
とろサーモン直火炙り,108,炙り・天ぷら,2016-12-15
黒みる貝,108,定番にぎり,2016-12-15
えび天にぎり,108,炙り・天ぷら,2016-12-15
ごくっ！旨あっさり醤油ラーメン,324,お椀・麺,2016-12-15
えびチーズマヨ直火炙り,108,炙り・天ぷら,2016-12-15
プレミアムホイッププリン,216,デザート,2016-12-15
合盛りえび,108,定番にぎり,2016-12-15
チーズケーキ,108,デザート,2016-12-15
とろかつお,108,定番にぎり,2016-12-15
極上大とろ,194,極みネタ,2016-12-15
とろかつお,108,定番にぎり,2016-12-15
アボカドサーモン,108,創作・肉寿司,2016-12-15
上煮穴子天握り(ハーフ),194,極みネタ,2016-12-15
とろかつお,108,定番にぎり,2016-12-15
アーモンドチョコケーキ,216,デザート,2016-12-15
本ずわい蟹,194,旬・特ネタ,2016-12-15
オニオンサーモン,108,創作・肉寿司,2016-12-15
寒ぶり,108,旬・特ネタ,2016-12-15
茶碗蒸し,194,一品物,2016-12-15
ほたて,194,極みネタ,2016-12-15
寿司屋のたたき,108,軍艦・巻物,2016-12-15
豚しょうが焼き直火炙り,194,極みネタ,2016-12-15
穴子天うどん,324,お椀・麺,2016-12-15
なっとう巻,108,軍艦・巻物,2016-12-15
バニラアイス,108,デザート,2016-12-15
サラダロール,108,創作・肉寿司,2016-12-15
種子島産安納芋プリン,216,旬・特ネタ,2016-12-15
たこやき,108,一品物,2016-12-15
大切り！真鯛塩直火炙り,194,極みネタ,2016-12-15
七色のいくら手巻き盛り,302,旬・特ネタ,2016-12-15
とろねぎ,108,軍艦・巻物,2016-12-15
鉄火巻,108,軍艦・巻物,2016-12-15
わさびなす盛り,216,一品物,2016-12-15
きつねうどん,324,お椀・麺,2016-12-15
わさびなす盛り,216,一品物,2016-12-15
甘海老軍艦,108,軍艦・巻物,2016-12-15
えび天巻,108,炙り・天ぷら,2016-12-15
ほたて,194,極みネタ,2016-12-15
いか軟骨,108,定番にぎり,2016-12-15
本ずわい蟹,194,旬・特ネタ,2016-12-15
熟成かれい,108,定番にぎり,2016-12-15
焼きサーモン,108,定番にぎり,2016-12-15
上煮穴子天握り(ハーフ),194,極みネタ,2016-12-15
大葉のせえんがわ,108,定番にぎり,2016-12-15
えび天うどん,324,お椀・麺,2016-12-15
広島県産蒸しカキ岩塩直火炙り,108,旬・特ネタ,2016-12-15
白子ポン酢ジュレのせ,108,旬・特ネタ,2016-12-15
鮮極鮭いくらのかっぱ茶漬け,324,旬・特ネタ,2016-12-15
冷やし白玉ぜんざい,108,デザート,2016-12-15
豪快いか天,108,炙り・天ぷら,2016-12-15
寒ぶり,108,旬・特ネタ,2016-12-15
とろサーモン,108,定番にぎり,2016-12-15
たくあん巻,108,軍艦・巻物,2016-12-15
肉うどん,324,お椀・麺,2016-12-15
貝の味噌汁,194,お椀・麺,2016-12-15
とり唐揚げ,216,一品物,2016-12-15
鮮極鮭いくら,108,定番にぎり,2016-12-15
かにみそ,108,軍艦・巻物,2016-12-15
ほたて焦がし醤油直火炙り,108,炙り・天ぷら,2016-12-15
なっとう巻,108,軍艦・巻物,2016-12-15
あんこうの唐揚げ,324,旬・特ネタ,2016-12-15
ねぎだくペッパーねぎまぐろ,108,創作・肉寿司,2016-12-15
ごくっ！旨あっさり醤油ラーメン,324,お椀・麺,2016-12-15
海鮮三宝のプチプチ手巻き,302,旬・特ネタ,2016-12-15
さっぱり蒸し鶏にぎり,108,創作・肉寿司,2016-12-15
たこやき,108,一品物,2016-12-15
赤貝,108,定番にぎり,2016-12-15
豚しょうが焼き直火炙り,194,極みネタ,2016-12-15
ツナゲットにぎり,108,創作・肉寿司,2016-12-15
びん長まぐろ,108,定番にぎり,2016-12-15
和風ハンバーグ,108,創作・肉寿司,2016-12-15
かにみそ,108,軍艦・巻物,2016-12-15
大切り！真鯛塩直火炙り,194,極みネタ,2016-12-15
チャーシューにぎり,108,創作・肉寿司,2016-12-15
煮穴子,108,定番にぎり,2016-12-15
うに,108,軍艦・巻物,2016-12-15
広島県産蒸しカキ岩塩直火炙り,108,旬・特ネタ,2016-12-15
えび天うどん,324,お椀・麺,2016-12-15
鮭とろっ軍艦,108,軍艦・巻物,2016-12-15
極上大とろ,194,極みネタ,2016-12-15
上煮穴子直火炙り(ハーフ),194,極みネタ,2016-12-15
大切り！真鯛,194,極みネタ,2016-12-15
上煮穴子直火炙り(ハーフ),194,極みネタ,2016-12-15
チョコアイス,108,デザート,2016-12-15
ごくっ！旨あっさり醤油ラーメン,324,お椀・麺,2016-12-15
たくあん巻,108,軍艦・巻物,2016-12-15
豚しょうが焼き直火炙り,194,極みネタ,2016-12-15
肉いなり,108,創作・肉寿司,2016-12-15
まぐろたたき,108,軍艦・巻物,2016-12-15
ほたて焦がし醤油直火炙り,108,炙り・天ぷら,2016-12-15
寒ぶりはらみ直火炙り,108,旬・特ネタ,2016-12-15
プレミアムホイッププリン,216,デザート,2016-12-15
山かけまぐろ,108,軍艦・巻物,2016-12-15
寒ぶりのあら汁,324,旬・特ネタ,2016-12-15
うに,108,軍艦・巻物,2016-12-15
上煮穴子天握り(ハーフ),194,極みネタ,2016-12-15
とろ〆さば直火炙り,108,炙り・天ぷら,2016-12-15
ノルウェーサーモン直火炙り,108,炙り・天ぷら,2016-12-15
上煮穴子天握り(ハーフ),194,極みネタ,2016-12-15
ごくっ！旨あっさり醤油ラーメン,324,お椀・麺,2016-12-15
ほっき貝,108,定番にぎり,2016-12-15
大切り！真鯛,194,極みネタ,2016-12-15
赤えび塩直火炙り,108,炙り・天ぷら,2016-12-15
お子様大好き三貫盛り鮮極鮭いくら掛け,216,旬・特ネタ,2016-12-15
上煮穴子直火炙り(ハーフ),194,極みネタ,2016-12-15
鮮極鮭いくら,108,定番にぎり,2016-12-15
鮮極鮭いくらとあん肝のカップル軍艦,194,旬・特ネタ,2016-12-15
とろ〆さば直火炙り,108,炙り・天ぷら,2016-12-15
チョコアイス,108,デザート,2016-12-15
たこやき,108,一品物,2016-12-15
上煮穴子天握り(ハーフ),194,極みネタ,2016-12-15
おつまみ盛り,216,一品物,2016-12-15
お子様大好き三貫盛り鮮極鮭いくら掛け,216,旬・特ネタ,2016-12-15
チョコアイス,108,デザート,2016-12-15
鮮極鮭いくらの４色SUSHIケーキ,410,旬・特ネタ,2016-12-15
サーモンアボカドロール,108,創作・肉寿司,2016-12-15
極上中とろ直火炙り,108,炙り・天ぷら,2016-12-15
鮮極鮭いくらとあん肝のカップル軍艦,194,旬・特ネタ,2016-12-15
極上大とろ,194,極みネタ,2016-12-15
サーモンチーズマヨ直火炙り,108,炙り・天ぷら,2016-12-15
オニオンサーモン,108,創作・肉寿司,2016-12-15
フライドポテト,216,一品物,2016-12-15
とろ〆さば直火炙り,108,炙り・天ぷら,2016-12-15
枝豆,108,一品物,2016-12-15
バニラアイス,108,デザート,2016-12-15
まぐろあら汁,324,お椀・麺,2016-12-15
たこやき,108,一品物,2016-12-15
まぐたく,108,軍艦・巻物,2016-12-15
おつまみ盛り,216,一品物,2016-12-15
ほたて,194,極みネタ,2016-12-15
肉うどん,324,お椀・麺,2016-12-15
ごくっ！旨貝の塩白湯ラーメン,324,お椀・麺,2016-12-15
チャーシューにぎり,108,創作・肉寿司,2016-12-15
ねぎだくペッパーねぎまぐろ,108,創作・肉寿司,2016-12-15
わさびなす盛り,216,一品物,2016-12-15
炙り白子の茶碗蒸し,194,旬・特ネタ,2016-12-15
鮮極鮭いくらのかっぱ茶漬け,324,旬・特ネタ,2016-12-15
サーモンアボカドロール,108,創作・肉寿司,2016-12-15
極上中とろ直火炙り,108,炙り・天ぷら,2016-12-15
牛カルビにぎり,108,創作・肉寿司,2016-12-15
えびチーズマヨ直火炙り,108,炙り・天ぷら,2016-12-15
きつねうどん,324,お椀・麺,2016-12-15
極上中とろ,108,定番にぎり,2016-12-15
大切り！真鯛塩直火炙り,194,極みネタ,2016-12-15
鮮極鮭いくら,108,定番にぎり,2016-12-15
とろサーモン直火炙り,108,炙り・天ぷら,2016-12-15
枝豆,108,一品物,2016-12-15
なっとう軍艦,108,軍艦・巻物,2016-12-15
神戸牛入り甘辛ごぼうのぶっかけうどん,324,旬・特ネタ,2016-12-15
たこやき,108,一品物,2016-12-15
煮穴子,108,定番にぎり,2016-12-15
とり唐揚げ,216,一品物,2016-12-15
オニオンサーモン,108,創作・肉寿司,2016-12-15
甘海老,108,定番にぎり,2016-12-15
えび,108,定番にぎり,2016-12-15
極上中とろ直火炙り,108,炙り・天ぷら,2016-12-15
ししゃもっこ,108,軍艦・巻物,2016-12-15
寿司屋の天ぷら海の宝石ディップ,518,旬・特ネタ,2016-12-15
たくあん巻,108,軍艦・巻物,2016-12-15
ししゃもっこ,108,軍艦・巻物,2016-12-15
〆いわし,108,定番にぎり,2016-12-15
極上大とろ,194,極みネタ,2016-12-15
冷やし白玉ぜんざい,108,デザート,2016-12-15
まぐろたたき,108,軍艦・巻物,2016-12-15
とろ〆さば直火炙り,108,炙り・天ぷら,2016-12-15
神戸牛入り甘辛ごぼうのぶっかけうどん,324,旬・特ネタ,2016-12-15
いちごのお手軽ショートケーキ,108,デザート,2016-12-15
上煮穴子天握り(ハーフ),194,極みネタ,2016-12-15
とろサーモン,108,定番にぎり,2016-12-15
えび天巻,108,炙り・天ぷら,2016-12-15
いなり,108,定番にぎり,2016-12-15
あおさの味噌汁,194,お椀・麺,2016-12-15
大切り！真鯛塩直火炙り,194,極みネタ,2016-12-15
プレミアムプリン,216,デザート,2016-12-15
鮮極鮭いくらのかっぱ茶漬け,324,旬・特ネタ,2016-12-15
オニオンサーモン,108,創作・肉寿司,2016-12-15
きつねうどん,324,お椀・麺,2016-12-15
貝の味噌汁,194,お椀・麺,2016-12-15
サラダ軍艦,108,軍艦・巻物,2016-12-15
かけうどん,162,お椀・麺,2016-12-15
とろサーモン直火炙り,108,炙り・天ぷら,2016-12-15
ごくっ！旨貝の塩白湯ラーメン,324,お椀・麺,2016-12-15
プレミアム和風プリン,216,デザート,2016-12-15
生たこ,108,定番にぎり,2016-12-15
和風ハンバーグ,108,創作・肉寿司,2016-12-15
寒ぶりのあら汁,324,旬・特ネタ,2016-12-15
豪快いか天,108,炙り・天ぷら,2016-12-15
オニオンサーモン,108,創作・肉寿司,2016-12-15
ほたて,194,極みネタ,2016-12-15
ごくっ！旨鮭出汁の味噌ラーメン,324,お椀・麺,2016-12-15
貝の味噌汁,194,お椀・麺,2016-12-15
玉子,108,定番にぎり,2016-12-15
チョコのケーキプリンパフェ,324,デザート,2016-12-15
鮮極鮭いくら,108,定番にぎり,2016-12-15
あんこうの唐揚げ,324,旬・特ネタ,2016-12-15
こういか,108,定番にぎり,2016-12-15
いなり,108,定番にぎり,2016-12-15
ほたて焦がし醤油直火炙り,108,炙り・天ぷら,2016-12-15
豪快いか天,108,炙り・天ぷら,2016-12-15
えび天うどん,324,お椀・麺,2016-12-15
ツナゲットにぎり,108,創作・肉寿司,2016-12-15
寒ぶりはらみ,108,旬・特ネタ,2016-12-15
たこやき,108,一品物,2016-12-15
チョコアイス,108,デザート,2016-12-15
かけうどん,162,お椀・麺,2016-12-15
七色のいくら手巻き盛り,302,旬・特ネタ,2016-12-15
ねぎだくペッパーねぎまぐろ,108,創作・肉寿司,2016-12-15
合盛り玉子いなり,108,定番にぎり,2016-12-15
ほたて焦がし醤油直火炙り,108,炙り・天ぷら,2016-12-15
豪快いか天,108,炙り・天ぷら,2016-12-15
いなり,108,定番にぎり,2016-12-15
わさびなす,108,定番にぎり,2016-12-15
アーモンドチョコケーキ,216,デザート,2016-12-15
鉄火巻,108,軍艦・巻物,2016-12-15
ごくっ！旨鮭出汁の味噌ラーメン,324,お椀・麺,2016-12-15
チョコアイス,108,デザート,2016-12-15
厚焼き玉子,108,一品物,2016-12-15
フライドポテト,216,一品物,2016-12-15
寿司屋の天ぷら海の宝石ディップ,518,旬・特ネタ,2016-12-15
オニオンサーモン,108,創作・肉寿司,2016-12-15
プレミアム和風プリン,216,デザート,2016-12-15
枝豆,108,一品物,2016-12-15
かけうどん,162,お椀・麺,2016-12-15
肉うどん,324,お椀・麺,2016-12-15
プレミアム和風プリン,216,デザート,2016-12-15
自家製とろかつお揚げたたきオニオンマヨ,108,創作・肉寿司,2016-12-15
ごくっ！旨貝の塩白湯ラーメン,324,お椀・麺,2016-12-15
まぐろそぼろマヨ,108,軍艦・巻物,2016-12-15
極上中とろ,108,定番にぎり,2016-12-15
チャーシューにぎり,108,創作・肉寿司,2016-12-15
干ぴょう巻,108,軍艦・巻物,2016-12-15
チャーシューにぎり,108,創作・肉寿司,2016-12-15
きつねうどん,324,お椀・麺,2016-12-15
海鮮うま辛和え,108,軍艦・巻物,2016-12-15
玉子,108,定番にぎり,2016-12-15
フライドポテト,216,一品物,2016-12-15
極上大とろ,194,極みネタ,2016-12-15
赤えび塩直火炙り,108,炙り・天ぷら,2016-12-15
熟成かれい,108,定番にぎり,2016-12-15
とろ〆さば直火炙り,108,炙り・天ぷら,2016-12-15
寒ぶりはらみ,108,旬・特ネタ,2016-12-15
茶碗蒸し,194,一品物,2016-12-15
鮮極鮭いくらとあん肝のおろし添え,324,旬・特ネタ,2016-12-15
茶碗蒸し,194,一品物,2016-12-15
豪快いか天,108,炙り・天ぷら,2016-12-15
肉いなり,108,創作・肉寿司,2016-12-15
いか軟骨マヨ直火炙り,108,炙り・天ぷら,2016-12-15
貝の味噌汁,194,お椀・麺,2016-12-15
上煮穴子天握り(ハーフ),194,極みネタ,2016-12-15
サーモンチーズマヨ直火炙り,108,炙り・天ぷら,2016-12-15
プレミアム和風プリン,216,デザート,2016-12-15
赤貝,108,定番にぎり,2016-12-15
海鮮三宝のプチプチ手巻き,302,旬・特ネタ,2016-12-15
とろサーモン直火炙り,108,炙り・天ぷら,2016-12-15
プレミアム和風プリン,216,デザート,2016-12-15
かっぱ巻,108,軍艦・巻物,2016-12-15
干ぴょう巻,108,軍艦・巻物,2016-12-15
厚焼き玉子,108,一品物,2016-12-15
ほたて焦がし醤油直火炙り,108,炙り・天ぷら,2016-12-15
プレミアムホワイトケーキ,216,デザート,2016-12-15
ツナ,108,軍艦・巻物,2016-12-15
わさびなす盛り,216,一品物,2016-12-15
アーモンドチョコケーキ,216,デザート,2016-12-15
ししゃもっこ,108,軍艦・巻物,2016-12-15
極上中とろ直火炙り,108,炙り・天ぷら,2016-12-15
上煮穴子直火炙り(ハーフ),194,極みネタ,2016-12-15
大切り！真鯛,194,極みネタ,2016-12-15
お子様大好き三貫盛り鮮極鮭いくら掛け,216,旬・特ネタ,2016-12-15
赤えび,108,定番にぎり,2016-12-15
プレミアムホイッププリン,216,デザート,2016-12-15
牛すじうどん,324,お椀・麺,2016-12-15
サーモンアボカドロール,108,創作・肉寿司,2016-12-15
合盛りえび,108,定番にぎり,2016-12-15
とろサーモン,108,定番にぎり,2016-12-15
牛すじうどん,324,お椀・麺,2016-12-15
本ずわい蟹,194,旬・特ネタ,2016-12-15
ごくっ！旨あっさり醤油ラーメン,324,お椀・麺,2016-12-15
干ぴょう巻,108,軍艦・巻物,2016-12-15
いなり,108,定番にぎり,2016-12-15
わさびなす,108,定番にぎり,2016-12-15
ねぎだくペッパーねぎまぐろ,108,創作・肉寿司,2016-12-15
たこやき,108,一品物,2016-12-15
オニオンサーモン,108,創作・肉寿司,2016-12-15
チョコアイス,108,デザート,2016-12-15
鮮極生えび,108,定番にぎり,2016-12-15
デミマヨハンバーグ,108,創作・肉寿司,2016-12-15
極上大とろ,194,極みネタ,2016-12-15
豚しょうが焼き直火炙り,194,極みネタ,2016-12-15
豚しょうが焼き直火炙り,194,極みネタ,2016-12-15
鮮極鮭いくらと海鮮の宝石箱,496,旬・特ネタ,2016-12-15
まぐろたたきアボカドロール,108,創作・肉寿司,2016-12-15
冷やし白玉ぜんざい,108,デザート,2016-12-15
赤えび塩直火炙り,108,炙り・天ぷら,2016-12-15
豚しょうが焼き直火炙り,194,極みネタ,2016-12-15
和風ハンバーグ,108,創作・肉寿司,2016-12-15
ツナゲット,216,一品物,2016-12-15
豪快いか天,108,炙り・天ぷら,2016-12-15
ねぎだくペッパーねぎまぐろ,108,創作・肉寿司,2016-12-15
極上中とろ,108,定番にぎり,2016-12-15
貝の味噌汁,194,お椀・麺,2016-12-15
いちごのケーキプリンパフェ,324,デザート,2016-12-15
プレミアムホイッププリン,216,デザート,2016-12-15
ノルウェーサーモン直火炙り,108,炙り・天ぷら,2016-12-15
大葉のせえんがわ,108,定番にぎり,2016-12-15
神戸牛入り甘辛ごぼうのぶっかけうどん,324,旬・特ネタ,2016-12-15
まぐろ,108,定番にぎり,2016-12-15
炙り白子の茶碗蒸し,194,旬・特ネタ,2016-12-15
大切り！真鯛塩直火炙り,194,極みネタ,2016-12-15
たこやき,108,一品物,2016-12-15
豪快いか天,108,炙り・天ぷら,2016-12-15
まぐろあら汁,324,お椀・麺,2016-12-15
茶碗蒸し,194,一品物,2016-12-15
大切り！真鯛塩直火炙り,194,極みネタ,2016-12-15
貝の味噌汁,194,お椀・麺,2016-12-15
アーモンドチョコケーキ,216,デザート,2016-12-15
プレミアム和風プリン,216,デザート,2016-12-15
たこやき,108,一品物,2016-12-15
プレミアムプリン,216,デザート,2016-12-15
サーモン,108,定番にぎり,2016-12-15
サラダ軍艦,108,軍艦・巻物,2016-12-15
かけうどん,162,お椀・麺,2016-12-15
ぱっくり！半熟煮玉子軍艦,108,軍艦・巻物,2016-12-15
生たこ,108,定番にぎり,2016-12-15
大あじ,108,定番にぎり,2016-12-15
やりいか,108,定番にぎり,2016-12-15
鉄火巻,108,軍艦・巻物,2016-12-15
チャーシューにぎり,108,創作・肉寿司,2016-12-15
サーモンチーズマヨ直火炙り,108,炙り・天ぷら,2016-12-15
大葉のせえんがわ,108,定番にぎり,2016-12-15
大切り！真鯛塩直火炙り,194,極みネタ,2016-12-15
海鮮三宝のプチプチ手巻き,302,旬・特ネタ,2016-12-15
たこやき,108,一品物,2016-12-15
牛すじうどん,324,お椀・麺,2016-12-15
いちごのお手軽ショートケーキ,108,デザート,2016-12-15
豚しょうが焼き直火炙り,194,極みネタ,2016-12-15
アボカドサーモン,108,創作・肉寿司,2016-12-15
まぐろたたきアボカドロール,108,創作・肉寿司,2016-12-15
たこやき,108,一品物,2016-12-15
デミマヨハンバーグ,108,創作・肉寿司,2016-12-15
たこやき,108,一品物,2016-12-15
ごくっ！旨鮭出汁の味噌ラーメン,324,お椀・麺,2016-12-15
ほたて,194,極みネタ,2016-12-15
サーモンアボカドロール,108,創作・肉寿司,2016-12-15
鮮極鮭いくらと海鮮の宝石箱,496,旬・特ネタ,2016-12-15
ごくっ！旨貝の塩白湯ラーメン,324,お椀・麺,2016-12-15
合盛りねばねば,108,軍艦・巻物,2016-12-15
ごくっ！旨あっさり醤油ラーメン,324,お椀・麺,2016-12-15
さっぱり蒸し鶏にぎり,108,創作・肉寿司,2016-12-15
合盛りえび,108,定番にぎり,2016-12-15
極上中とろ,108,定番にぎり,2016-12-15
赤えび塩直火炙り,108,炙り・天ぷら,2016-12-15
えび天巻,108,炙り・天ぷら,2016-12-15
アーモンドチョコケーキ,216,デザート,2016-12-15
ツナゲットにぎり,108,創作・肉寿司,2016-12-15
まぐたく,108,軍艦・巻物,2016-12-15
豚しょうが焼き直火炙り,194,極みネタ,2016-12-15
フローズンマンゴー,108,デザート,2016-12-15
まぐろ,108,定番にぎり,2016-12-15
神戸牛入り甘辛ごぼうのぶっかけうどん,324,旬・特ネタ,2016-12-15
極上中とろ,108,定番にぎり,2016-12-15
赤えび,108,定番にぎり,2016-12-15
上煮穴子直火炙り(ハーフ),194,極みネタ,2016-12-15
ねぎだくペッパーねぎまぐろ,108,創作・肉寿司,2016-12-15
フローズンマンゴー,108,デザート,2016-12-15
かけうどん,162,お椀・麺,2016-12-15
大切り！真鯛,194,極みネタ,2016-12-15
ごくっ！旨貝の塩白湯ラーメン,324,お椀・麺,2016-12-15
極上大とろ,194,極みネタ,2016-12-15
うに,108,軍艦・巻物,2016-12-15
神戸牛入り甘辛ごぼうのぶっかけうどん,324,旬・特ネタ,2016-12-15
つぶ貝,108,定番にぎり,2016-12-15
大切り！真鯛,194,極みネタ,2016-12-15
なっとう軍艦,108,軍艦・巻物,2016-12-15
うに,108,軍艦・巻物,2016-12-15
あんこうの唐揚げ,324,旬・特ネタ,2016-12-15
牛カルビにぎり,108,創作・肉寿司,2016-12-15
寒ぶりはらみ直火炙り,108,旬・特ネタ,2016-12-15
極上大とろ,194,極みネタ,2016-12-15
かにみそ,108,軍艦・巻物,2016-12-15
鮭とろっ軍艦,108,軍艦・巻物,2016-12-15
赤えび塩直火炙り,108,炙り・天ぷら,2016-12-15
さっぱり蒸し鶏にぎり,108,創作・肉寿司,2016-12-15
厚焼き玉子,108,一品物,2016-12-15
山かけまぐろ,108,軍艦・巻物,2016-12-15
オニオンサーモン,108,創作・肉寿司,2016-12-15
まぐろたたきアボカドロール,108,創作・肉寿司,2016-12-15
寒ぶりのあつめし,324,旬・特ネタ,2016-12-15
広島県産蒸しカキガーリックバターソース直火炙り,108,旬・特ネタ,2016-12-15
ほたて,194,極みネタ,2016-12-15
寒ぶりはらみ,108,旬・特ネタ,2016-12-15
山かけまぐろ,108,軍艦・巻物,2016-12-15
肉うどん,324,お椀・麺,2016-12-15
牛すじうどん,324,お椀・麺,2016-12-15
まぐろたたきアボカドロール,108,創作・肉寿司,2016-12-15
コーン,108,軍艦・巻物,2016-12-15
ごくっ！旨あっさり醤油ラーメン,324,お椀・麺,2016-12-15
サーモンチーズマヨ直火炙り,108,炙り・天ぷら,2016-12-15
とろ〆さば直火炙り,108,炙り・天ぷら,2016-12-15
まぐたく,108,軍艦・巻物,2016-12-15
チョコアイス,108,デザート,2016-12-15
まぐたく,108,軍艦・巻物,2016-12-15
サーモンチーズマヨ直火炙り,108,炙り・天ぷら,2016-12-15
和風ハンバーグ,108,創作・肉寿司,2016-12-15
鉄火巻,108,軍艦・巻物,2016-12-15
豚しょうが焼き直火炙り,194,極みネタ,2016-12-15
枝豆,108,一品物,2016-12-15
海鮮うま辛和え,108,軍艦・巻物,2016-12-15
ほたて焦がし醤油直火炙り,108,炙り・天ぷら,2016-12-15
あん肝ポン酢ジュレのせ,108,旬・特ネタ,2016-12-15
ほたて,194,極みネタ,2016-12-15
たこやき,108,一品物,2016-12-15
甘海老軍艦,108,軍艦・巻物,2016-12-15
大切り！真鯛,194,極みネタ,2016-12-15
ごくっ！旨あっさり醤油ラーメン,324,お椀・麺,2016-12-15
えび天にぎり,108,炙り・天ぷら,2016-12-15
サラダ軍艦,108,軍艦・巻物,2016-12-15
デミマヨハンバーグ,108,創作・肉寿司,2016-12-15
アボカドサーモン,108,創作・肉寿司,2016-12-15
肉うどん,324,お椀・麺,2016-12-15
広島県産蒸しカキ岩塩直火炙り,108,旬・特ネタ,2016-12-16
まぐろあら汁,324,お椀・麺,2016-12-16
厚焼き玉子,108,一品物,2016-12-16
上煮穴子直火炙り(ハーフ),194,極みネタ,2016-12-16
さっぱり蒸し鶏にぎり,108,創作・肉寿司,2016-12-16
まぐろあら汁,324,お椀・麺,2016-12-16
とろ〆さば直火炙り,108,炙り・天ぷら,2016-12-16
サラダ軍艦,108,軍艦・巻物,2016-12-16
ノルウェーサーモン直火炙り,108,炙り・天ぷら,2016-12-16
とろ〆さば直火炙り,108,炙り・天ぷら,2016-12-16
とろサーモン,108,定番にぎり,2016-12-16
上煮穴子天握り(ハーフ),194,極みネタ,2016-12-16
上煮穴子天握り(ハーフ),194,極みネタ,2016-12-16
ごくっ！旨貝の塩白湯ラーメン,324,お椀・麺,2016-12-16
サーモンアボカドロール,108,創作・肉寿司,2016-12-16
茶碗蒸し,194,一品物,2016-12-16
ほたて,194,極みネタ,2016-12-16
寒ぶりのあら汁,324,旬・特ネタ,2016-12-16
えびチーズマヨ直火炙り,108,炙り・天ぷら,2016-12-16
鮮極鮭いくらとあん肝のカップル軍艦,194,旬・特ネタ,2016-12-16
わさびなす盛り,216,一品物,2016-12-16
おつまみ盛り,216,一品物,2016-12-16
あん肝ポン酢ジュレのせ,108,旬・特ネタ,2016-12-16
寿司屋のたたき,108,軍艦・巻物,2016-12-16
寒ぶり,108,旬・特ネタ,2016-12-16
穴子天うどん,324,お椀・麺,2016-12-16
海鮮三宝のプチプチ手巻き,302,旬・特ネタ,2016-12-16
フライドポテト,216,一品物,2016-12-16
干ぴょう巻,108,軍艦・巻物,2016-12-16
プレミアムプリン,216,デザート,2016-12-16
あん肝ポン酢ジュレのせ,108,旬・特ネタ,2016-12-16
たこやき,108,一品物,2016-12-16
ノルウェーサーモン直火炙り,108,炙り・天ぷら,2016-12-16
とり唐揚げ,216,一品物,2016-12-16
バニラアイス,108,デザート,2016-12-16
サラダロール,108,創作・肉寿司,2016-12-16
寒ぶりはらみ直火炙り,108,旬・特ネタ,2016-12-16
大切り！真鯛塩直火炙り,194,極みネタ,2016-12-16
熟成かれい,108,定番にぎり,2016-12-16
海鮮三宝のプチプチ手巻き,302,旬・特ネタ,2016-12-16
ツナゲット,216,一品物,2016-12-16
牛すじうどん,324,お椀・麺,2016-12-16
とろサーモン直火炙り,108,炙り・天ぷら,2016-12-16
自家製とろかつお揚げたたきオニオンマヨ,108,創作・肉寿司,2016-12-16
バニラアイス,108,デザート,2016-12-16
肉いなり,108,創作・肉寿司,2016-12-16
かにみそ,108,軍艦・巻物,2016-12-16
チョコのケーキプリンパフェ,324,デザート,2016-12-16
肉いなり,108,創作・肉寿司,2016-12-16
あおさの味噌汁,194,お椀・麺,2016-12-16
お子様大好き三貫盛り鮮極鮭いくら掛け,216,旬・特ネタ,2016-12-16
えびチーズマヨ直火炙り,108,炙り・天ぷら,2016-12-16
寒ぶり,108,旬・特ネタ,2016-12-16
サーモンチーズマヨ直火炙り,108,炙り・天ぷら,2016-12-16
ツナゲット,216,一品物,2016-12-16
赤えび,108,定番にぎり,2016-12-16
プレミアムホワイトケーキ,216,デザート,2016-12-16
おつまみ盛り,216,一品物,2016-12-16
豪快いか天,108,炙り・天ぷら,2016-12-16
大切り！真鯛塩直火炙り,194,極みネタ,2016-12-16
厚焼き玉子,108,一品物,2016-12-16
冷やし白玉ぜんざい,108,デザート,2016-12-16
フライドポテト,216,一品物,2016-12-16
いちごのケーキプリンパフェ,324,デザート,2016-12-16
寒ぶりはらみ,108,旬・特ネタ,2016-12-16
大切り！真鯛塩直火炙り,194,極みネタ,2016-12-16
いちごのケーキプリンパフェ,324,デザート,2016-12-16
えびチーズマヨ直火炙り,108,炙り・天ぷら,2016-12-16
厚焼き玉子,108,一品物,2016-12-16
サラダロール,108,創作・肉寿司,2016-12-16
肉いなり,108,創作・肉寿司,2016-12-16
サラダロール,108,創作・肉寿司,2016-12-16
ししゃもっこ,108,軍艦・巻物,2016-12-16
おつまみ盛り,216,一品物,2016-12-16
サラダ軍艦,108,軍艦・巻物,2016-12-16
厚焼き玉子,108,一品物,2016-12-16
極上中とろ直火炙り,108,炙り・天ぷら,2016-12-16
えび,108,定番にぎり,2016-12-16
えびチーズマヨ直火炙り,108,炙り・天ぷら,2016-12-16
本ずわい蟹,194,旬・特ネタ,2016-12-16
穴子天うどん,324,お椀・麺,2016-12-16
プレミアムホワイトケーキ,216,デザート,2016-12-16
お子様大好き三貫盛り鮮極鮭いくら掛け,216,旬・特ネタ,2016-12-16
かけうどん,162,お椀・麺,2016-12-16
極上大とろ,194,極みネタ,2016-12-16
上煮穴子直火炙り(ハーフ),194,極みネタ,2016-12-16
真いか,108,定番にぎり,2016-12-16
ほたて焦がし醤油直火炙り,108,炙り・天ぷら,2016-12-16
ツナゲットにぎり,108,創作・肉寿司,2016-12-16
ぱっくり！半熟煮玉子軍艦,108,軍艦・巻物,2016-12-16
チーズケーキ,108,デザート,2016-12-16
いちごのケーキプリンパフェ,324,デザート,2016-12-16
まぐろあら汁,324,お椀・麺,2016-12-16
えびチーズマヨ直火炙り,108,炙り・天ぷら,2016-12-16
いちごのお手軽ショートケーキ,108,デザート,2016-12-16
玉子,108,定番にぎり,2016-12-16
肉いなり,108,創作・肉寿司,2016-12-16
〆いわし,108,定番にぎり,2016-12-16
わさびなす盛り,216,一品物,2016-12-16
デミマヨハンバーグ,108,創作・肉寿司,2016-12-16
フローズンマンゴー,108,デザート,2016-12-16
鱒いくら,108,軍艦・巻物,2016-12-16
穴子天うどん,324,お椀・麺,2016-12-16
茶碗蒸し,194,一品物,2016-12-16
鮮極鮭いくらとあん肝のカップル軍艦,194,旬・特ネタ,2016-12-16
フライドポテト,216,一品物,2016-12-16
えび天巻,108,炙り・天ぷら,2016-12-16
ほたて焦がし醤油直火炙り,108,炙り・天ぷら,2016-12-16
茶碗蒸し,194,一品物,2016-12-16
上煮穴子天握り(ハーフ),194,極みネタ,2016-12-16
いか軟骨,108,定番にぎり,2016-12-16
フライドポテト,216,一品物,2016-12-16
チーズケーキ,108,デザート,2016-12-16
オニオンサーモン,108,創作・肉寿司,2016-12-16
極上大とろ,194,極みネタ,2016-12-16
まぐろ,108,定番にぎり,2016-12-16
七色のいくら手巻き盛り,302,旬・特ネタ,2016-12-16
鮮極鮭いくらとあん肝のおろし添え,324,旬・特ネタ,2016-12-16
わさびなす盛り,216,一品物,2016-12-16
穴子天うどん,324,お椀・麺,2016-12-16
とろ〆さば直火炙り,108,炙り・天ぷら,2016-12-16
とろ〆さば直火炙り,108,炙り・天ぷら,2016-12-16
和風ハンバーグ,108,創作・肉寿司,2016-12-16
バニラアイス,108,デザート,2016-12-16
ごくっ！旨あっさり醤油ラーメン,324,お椀・麺,2016-12-16
いちごのお手軽ショートケーキ,108,デザート,2016-12-16
炙り白子の茶碗蒸し,194,旬・特ネタ,2016-12-16
鮮極鮭いくらのかっぱ茶漬け,324,旬・特ネタ,2016-12-16
さっぱり蒸し鶏にぎり,108,創作・肉寿司,2016-12-16
あん肝きゅう,108,旬・特ネタ,2016-12-16
鉄火巻,108,軍艦・巻物,2016-12-16
えび天巻,108,炙り・天ぷら,2016-12-16
極上中とろ直火炙り,108,炙り・天ぷら,2016-12-16
上煮穴子直火炙り(ハーフ),194,極みネタ,2016-12-16
えびチーズマヨ直火炙り,108,炙り・天ぷら,2016-12-16
えび天巻,108,炙り・天ぷら,2016-12-16
極上中とろ直火炙り,108,炙り・天ぷら,2016-12-16
枝豆,108,一品物,2016-12-16
貝の味噌汁,194,お椀・麺,2016-12-16
いちごのケーキプリンパフェ,324,デザート,2016-12-16
まぐろたたきアボカドロール,108,創作・肉寿司,2016-12-16
えび天巻,108,炙り・天ぷら,2016-12-16
ツナゲット,216,一品物,2016-12-16
とり唐揚げ,216,一品物,2016-12-16
寒ぶりのあつめし,324,旬・特ネタ,2016-12-16
かけうどん,162,お椀・麺,2016-12-16
ノルウェーサーモン直火炙り,108,炙り・天ぷら,2016-12-16
〆いわし,108,定番にぎり,2016-12-16
ノルウェーサーモン,108,定番にぎり,2016-12-16
広島県産蒸しカキ岩塩直火炙り,108,旬・特ネタ,2016-12-16
極上中とろ,108,定番にぎり,2016-12-16
黒みる貝,108,定番にぎり,2016-12-16
やりいか,108,定番にぎり,2016-12-16
あおさの味噌汁,194,お椀・麺,2016-12-16
たこやき,108,一品物,2016-12-16
鉄火巻,108,軍艦・巻物,2016-12-16
プレミアムプリン,216,デザート,2016-12-16
プレミアムホワイトケーキ,216,デザート,2016-12-16
ほたて焦がし醤油直火炙り,108,炙り・天ぷら,2016-12-16
鮮極鮭いくらの４色SUSHIケーキ,410,旬・特ネタ,2016-12-16
寒ぶりのあら汁,324,旬・特ネタ,2016-12-16
とろ〆さば,108,定番にぎり,2016-12-16
上煮穴子直火炙り(ハーフ),194,極みネタ,2016-12-16
たこやき,108,一品物,2016-12-16
玉子チーズマヨ直火炙り,108,炙り・天ぷら,2016-12-16
いか軟骨マヨ直火炙り,108,炙り・天ぷら,2016-12-16
プレミアム和風プリン,216,デザート,2016-12-16
バニラアイス,108,デザート,2016-12-16
干ぴょう巻,108,軍艦・巻物,2016-12-16
穴子天うどん,324,お椀・麺,2016-12-16
牛カルビにぎり,108,創作・肉寿司,2016-12-16
ごくっ！旨あっさり醤油ラーメン,324,お椀・麺,2016-12-16
まぐろそぼろマヨ,108,軍艦・巻物,2016-12-16
海鮮三宝のプチプチ手巻き,302,旬・特ネタ,2016-12-16
フライドポテト,216,一品物,2016-12-16
デミマヨハンバーグ,108,創作・肉寿司,2016-12-16
えび,108,定番にぎり,2016-12-16
まぐろたたきアボカドロール,108,創作・肉寿司,2016-12-16
いちごのケーキプリンパフェ,324,デザート,2016-12-16
まぐろそぼろマヨ,108,軍艦・巻物,2016-12-16
とろ〆さば,108,定番にぎり,2016-12-16
あんこうの唐揚げ,324,旬・特ネタ,2016-12-16
わさびなす盛り,216,一品物,2016-12-16
ねぎだくペッパーねぎまぐろ,108,創作・肉寿司,2016-12-16
コーン,108,軍艦・巻物,2016-12-16
えび天うどん,324,お椀・麺,2016-12-16
えび天にぎり,108,炙り・天ぷら,2016-12-16
厚焼き玉子,108,一品物,2016-12-16
上煮穴子直火炙り(ハーフ),194,極みネタ,2016-12-16
わさびなす盛り,216,一品物,2016-12-16
厚焼き玉子,108,一品物,2016-12-16
大葉のせえんがわ,108,定番にぎり,2016-12-16
ノルウェーサーモン直火炙り,108,炙り・天ぷら,2016-12-16
鮮極鮭いくらの４色SUSHIケーキ,410,旬・特ネタ,2016-12-16
神戸牛入り甘辛ごぼうのぶっかけうどん,324,旬・特ネタ,2016-12-16
〆いわし,108,定番にぎり,2016-12-16
煮穴子,108,定番にぎり,2016-12-16
玉子チーズマヨ直火炙り,108,炙り・天ぷら,2016-12-16
オニオンサーモン,108,創作・肉寿司,2016-12-16
本ずわい蟹,194,旬・特ネタ,2016-12-16
枝豆,108,一品物,2016-12-16
まぐろあら汁,324,お椀・麺,2016-12-16
かっぱ巻,108,軍艦・巻物,2016-12-16
チョコのケーキプリンパフェ,324,デザート,2016-12-16
アボカドサーモン,108,創作・肉寿司,2016-12-16
アーモンドチョコケーキ,216,デザート,2016-12-16
いかおくら,108,軍艦・巻物,2016-12-16
プレミアムプリン,216,デザート,2016-12-16
とろ〆さば直火炙り,108,炙り・天ぷら,2016-12-16
あん肝きゅう,108,旬・特ネタ,2016-12-16
寒ぶりはらみ直火炙り,108,旬・特ネタ,2016-12-16
チョコのケーキプリンパフェ,324,デザート,2016-12-16
自家製とろかつお揚げたたきオニオンマヨ,108,創作・肉寿司,2016-12-16
わさびなす盛り,216,一品物,2016-12-16
穴子天うどん,324,お椀・麺,2016-12-16
いかおくら,108,軍艦・巻物,2016-12-16
ほたて焦がし醤油直火炙り,108,炙り・天ぷら,2016-12-16
ツナゲット,216,一品物,2016-12-16
あん肝きゅう,108,旬・特ネタ,2016-12-16
ごくっ！旨鮭出汁の味噌ラーメン,324,お椀・麺,2016-12-16
合盛りねばねば,108,軍艦・巻物,2016-12-16
チーズケーキ,108,デザート,2016-12-16
甘海老軍艦,108,軍艦・巻物,2016-12-16
ごくっ！旨あっさり醤油ラーメン,324,お椀・麺,2016-12-16
えび天にぎり,108,炙り・天ぷら,2016-12-16
茶碗蒸し,194,一品物,2016-12-16
枝豆,108,一品物,2016-12-16
大切り！真鯛,194,極みネタ,2016-12-16
ノルウェーサーモン直火炙り,108,炙り・天ぷら,2016-12-16
わさびなす盛り,216,一品物,2016-12-16
上煮穴子天握り(ハーフ),194,極みネタ,2016-12-16
さっぱり蒸し鶏にぎり,108,創作・肉寿司,2016-12-16
アボカドサーモン,108,創作・肉寿司,2016-12-16
チョコアイス,108,デザート,2016-12-16
大切り！真鯛,194,極みネタ,2016-12-16
玉子チーズマヨ直火炙り,108,炙り・天ぷら,2016-12-16
えび,108,定番にぎり,2016-12-16
広島県産蒸しカキガーリックバターソース直火炙り,108,旬・特ネタ,2016-12-16
厚焼き玉子,108,一品物,2016-12-16
プレミアムホワイトケーキ,216,デザート,2016-12-16
自家製とろかつお揚げたたきオニオンマヨ,108,創作・肉寿司,2016-12-16
あんこうの唐揚げ,324,旬・特ネタ,2016-12-16
オニオンサーモン,108,創作・肉寿司,2016-12-16
なっとう巻,108,軍艦・巻物,2016-12-16
いか軟骨マヨ直火炙り,108,炙り・天ぷら,2016-12-16
ツナゲット,216,一品物,2016-12-16
きつねうどん,324,お椀・麺,2016-12-16
合盛りねばねば,108,軍艦・巻物,2016-12-16
まぐろそぼろマヨ,108,軍艦・巻物,2016-12-16
肉うどん,324,お椀・麺,2016-12-16
チョコのケーキプリンパフェ,324,デザート,2016-12-16
ツナゲット,216,一品物,2016-12-16
ほたて焦がし醤油直火炙り,108,炙り・天ぷら,2016-12-16
フライドポテト,216,一品物,2016-12-16
枝豆,108,一品物,2016-12-16
まぐたく,108,軍艦・巻物,2016-12-16
鉄火巻,108,軍艦・巻物,2016-12-16
えび,108,定番にぎり,2016-12-16
かけうどん,162,お椀・麺,2016-12-16
七色のいくら手巻き盛り,302,旬・特ネタ,2016-12-16
たくあん巻,108,軍艦・巻物,2016-12-16
豚しょうが焼き直火炙り,194,極みネタ,2016-12-16
サーモンアボカドロール,108,創作・肉寿司,2016-12-16
黒みる貝,108,定番にぎり,2016-12-16
本ずわい蟹,194,旬・特ネタ,2016-12-16
えび天にぎり,108,炙り・天ぷら,2016-12-16
えび天巻,108,炙り・天ぷら,2016-12-16
おつまみ盛り,216,一品物,2016-12-16
たこやき,108,一品物,2016-12-16
ごくっ！旨あっさり醤油ラーメン,324,お椀・麺,2016-12-16
穴子天うどん,324,お椀・麺,2016-12-16
ほたて焦がし醤油直火炙り,108,炙り・天ぷら,2016-12-16
まぐろたたきアボカドロール,108,創作・肉寿司,2016-12-16
穴子天うどん,324,お椀・麺,2016-12-16
プレミアムプリン,216,デザート,2016-12-16
えび天巻,108,炙り・天ぷら,2016-12-16
厚焼き玉子,108,一品物,2016-12-16
チョコのケーキプリンパフェ,324,デザート,2016-12-16
赤えび塩直火炙り,108,炙り・天ぷら,2016-12-16
上煮穴子直火炙り(ハーフ),194,極みネタ,2016-12-16
大切り！真鯛,194,極みネタ,2016-12-16
フライドポテト,216,一品物,2016-12-16
サーモンチーズマヨ直火炙り,108,炙り・天ぷら,2016-12-16
肉うどん,324,お椀・麺,2016-12-16
デミマヨハンバーグ,108,創作・肉寿司,2016-12-16
きつねうどん,324,お椀・麺,2016-12-16
赤えび塩直火炙り,108,炙り・天ぷら,2016-12-16
えび天巻,108,炙り・天ぷら,2016-12-16
豚しょうが焼き直火炙り,194,極みネタ,2016-12-16
ごくっ！旨貝の塩白湯ラーメン,324,お椀・麺,2016-12-16
牛すじうどん,324,お椀・麺,2016-12-16
とろサーモン,108,定番にぎり,2016-12-16
なっとう巻,108,軍艦・巻物,2016-12-16
わさびなす盛り,216,一品物,2016-12-16
ごくっ！旨貝の塩白湯ラーメン,324,お椀・麺,2016-12-16
極上中とろ,108,定番にぎり,2016-12-16
オニオンサーモン,108,創作・肉寿司,2016-12-16
とり唐揚げ,216,一品物,2016-12-16
ツナゲット,216,一品物,2016-12-16
極上中とろ直火炙り,108,炙り・天ぷら,2016-12-16
デミマヨハンバーグ,108,創作・肉寿司,2016-12-16
鮮極鮭いくらとあん肝のカップル軍艦,194,旬・特ネタ,2016-12-16
牛すじうどん,324,お椀・麺,2016-12-16
とろ〆さば直火炙り,108,炙り・天ぷら,2016-12-16
プレミアムホイッププリン,216,デザート,2016-12-16
合盛り玉子いなり,108,定番にぎり,2016-12-16
きつねうどん,324,お椀・麺,2016-12-16
寿司屋のたたき,108,軍艦・巻物,2016-12-16
肉いなり,108,創作・肉寿司,2016-12-16
おつまみ盛り,216,一品物,2016-12-16
北海道産小麦のまるごとシフォンケーキ,324,旬・特ネタ,2016-12-16
サラダロール,108,創作・肉寿司,2016-12-16
穴子天うどん,324,お椀・麺,2016-12-16
たくあん巻,108,軍艦・巻物,2016-12-16
大切り！真鯛塩直火炙り,194,極みネタ,2016-12-16
和風ハンバーグ,108,創作・肉寿司,2016-12-16
肉うどん,324,お椀・麺,2016-12-16
とろかつお,108,定番にぎり,2016-12-16
ほたて焦がし醤油直火炙り,108,炙り・天ぷら,2016-12-16
アボカドサーモン,108,創作・肉寿司,2016-12-16
やりいか,108,定番にぎり,2016-12-16
わさびなす盛り,216,一品物,2016-12-16
プレミアムホワイトケーキ,216,デザート,2016-12-16
鮮極鮭いくらの４色SUSHIケーキ,410,旬・特ネタ,2016-12-16
真いか,108,定番にぎり,2016-12-16
チョコアイス,108,デザート,2016-12-16
ほたて,194,極みネタ,2016-12-16
肉いなり,108,創作・肉寿司,2016-12-16
サラダ軍艦,108,軍艦・巻物,2016-12-16
まぐろあら汁,324,お椀・麺,2016-12-16
本ずわい蟹,194,旬・特ネタ,2016-12-16
チャーシューにぎり,108,創作・肉寿司,2016-12-16
フローズンマンゴー,108,デザート,2016-12-16
まぐろたたきアボカドロール,108,創作・肉寿司,2016-12-16
あんこうの唐揚げ,324,旬・特ネタ,2016-12-16
山かけまぐろ,108,軍艦・巻物,2016-12-16
極上大とろ,194,極みネタ,2016-12-16
かけうどん,162,お椀・麺,2016-12-16
プレミアム和風プリン,216,デザート,2016-12-16
冷やし白玉ぜんざい,108,デザート,2016-12-16
お子様大好き三貫盛り鮮極鮭いくら掛け,216,旬・特ネタ,2016-12-16
いちごのケーキプリンパフェ,324,デザート,2016-12-16
赤えび塩直火炙り,108,炙り・天ぷら,2016-12-16
厚焼き玉子,108,一品物,2016-12-16
つぶ貝,108,定番にぎり,2016-12-16
黒みる貝,108,定番にぎり,2016-12-16
寒ぶりのあら汁,324,旬・特ネタ,2016-12-16
たこやき,108,一品物,2016-12-16
まぐろそぼろマヨ,108,軍艦・巻物,2016-12-16
大葉のせえんがわ,108,定番にぎり,2016-12-16
鮮極鮭いくらの４色SUSHIケーキ,410,旬・特ネタ,2016-12-16
厚焼き玉子,108,一品物,2016-12-16
厚焼き玉子,108,一品物,2016-12-16
アボカドえび,108,創作・肉寿司,2016-12-16
牛すじうどん,324,お椀・麺,2016-12-16
自家製とろかつお揚げたたきオニオンマヨ,108,創作・肉寿司,2016-12-16
枝豆,108,一品物,2016-12-16
貝の味噌汁,194,お椀・麺,2016-12-16
きつねうどん,324,お椀・麺,2016-12-16
鮭とろっ軍艦,108,軍艦・巻物,2016-12-16
本ずわい蟹,194,旬・特ネタ,2016-12-16
ごくっ！旨貝の塩白湯ラーメン,324,お椀・麺,2016-12-16
とり唐揚げ,216,一品物,2016-12-16
アボカドサーモン,108,創作・肉寿司,2016-12-16
厚焼き玉子,108,一品物,2016-12-16
なっとう軍艦,108,軍艦・巻物,2016-12-16
えび天巻,108,炙り・天ぷら,2016-12-16
かけうどん,162,お椀・麺,2016-12-16
アーモンドチョコケーキ,216,デザート,2016-12-16
ごくっ！旨あっさり醤油ラーメン,324,お椀・麺,2016-12-16
アーモンドチョコケーキ,216,デザート,2016-12-16
たこやき,108,一品物,2016-12-16
大切り！真鯛塩直火炙り,194,極みネタ,2016-12-16
プレミアムホワイトケーキ,216,デザート,2016-12-16
本ずわい蟹,194,旬・特ネタ,2016-12-16
茶碗蒸し,194,一品物,2016-12-16
フライドポテト,216,一品物,2016-12-16
あん肝ポン酢ジュレのせ,108,旬・特ネタ,2016-12-16
えび天にぎり,108,炙り・天ぷら,2016-12-16
上煮穴子天握り(ハーフ),194,極みネタ,2016-12-16
ししゃもっこ,108,軍艦・巻物,2016-12-16
白子ポン酢ジュレのせ,108,旬・特ネタ,2016-12-16
たこやき,108,一品物,2016-12-16
フライドポテト,216,一品物,2016-12-16
ねぎだくペッパーねぎまぐろ,108,創作・肉寿司,2016-12-16
牛すじうどん,324,お椀・麺,2016-12-16
寒ぶりはらみ,108,旬・特ネタ,2016-12-16
バニラアイス,108,デザート,2016-12-16
黒みる貝,108,定番にぎり,2016-12-16
茶碗蒸し,194,一品物,2016-12-16
あおさの味噌汁,194,お椀・麺,2016-12-16
豚しょうが焼き直火炙り,194,極みネタ,2016-12-16
ツナゲットにぎり,108,創作・肉寿司,2016-12-16
とろ〆さば直火炙り,108,炙り・天ぷら,2016-12-16
広島県産蒸しカキ岩塩直火炙り,108,旬・特ネタ,2016-12-16
ごくっ！旨鮭出汁の味噌ラーメン,324,お椀・麺,2016-12-16
ししゃもっこ,108,軍艦・巻物,2016-12-16
いちごのお手軽ショートケーキ,108,デザート,2016-12-16
本ずわい蟹,194,旬・特ネタ,2016-12-16
ほたて,194,極みネタ,2016-12-16
フライドポテト,216,一品物,2016-12-16
ごくっ！旨あっさり醤油ラーメン,324,お椀・麺,2016-12-16
アボカドえび,108,創作・肉寿司,2016-12-16
かにみそ,108,軍艦・巻物,2016-12-16
広島県産蒸しカキポン酢ジュレのせ,108,旬・特ネタ,2016-12-16
大切り！真鯛,194,極みネタ,2016-12-16
穴子天うどん,324,お椀・麺,2016-12-16
サーモンアボカドロール,108,創作・肉寿司,2016-12-16
ノルウェーサーモン,108,定番にぎり,2016-12-16
えび天巻,108,炙り・天ぷら,2016-12-16
サラダロール,108,創作・肉寿司,2016-12-16
ツナゲット,216,一品物,2016-12-16
サラダ軍艦,108,軍艦・巻物,2016-12-16
大切り！真鯛塩直火炙り,194,極みネタ,2016-12-16
和風ハンバーグ,108,創作・肉寿司,2016-12-16
豚しょうが焼き直火炙り,194,極みネタ,2016-12-16
広島県産蒸しカキ岩塩直火炙り,108,旬・特ネタ,2016-12-16
さっぱり蒸し鶏にぎり,108,創作・肉寿司,2016-12-16
赤えび塩直火炙り,108,炙り・天ぷら,2016-12-16
ツナゲット,216,一品物,2016-12-16
とり唐揚げ,216,一品物,2016-12-16
和風ハンバーグ,108,創作・肉寿司,2016-12-16
プレミアムプリン,216,デザート,2016-12-16
寒ぶりはらみ直火炙り,108,旬・特ネタ,2016-12-16
大あじ,108,定番にぎり,2016-12-16
極上中とろ直火炙り,108,炙り・天ぷら,2016-12-16
こういか,108,定番にぎり,2016-12-16
わさびなす盛り,216,一品物,2016-12-16
ノルウェーサーモン直火炙り,108,炙り・天ぷら,2016-12-16
とろサーモン,108,定番にぎり,2016-12-16
ツナゲット,216,一品物,2016-12-16
肉うどん,324,お椀・麺,2016-12-16
大切り！真鯛,194,極みネタ,2016-12-16
厚焼き玉子,108,一品物,2016-12-16
寿司屋のたたき,108,軍艦・巻物,2016-12-16
とろ〆さば,108,定番にぎり,2016-12-16
貝の味噌汁,194,お椀・麺,2016-12-16
バニラアイス,108,デザート,2016-12-16
フライドポテト,216,一品物,2016-12-16
ほたて,194,極みネタ,2016-12-16
玉子チーズマヨ直火炙り,108,炙り・天ぷら,2016-12-16
ごくっ！旨貝の塩白湯ラーメン,324,お椀・麺,2016-12-16
ノルウェーサーモン,108,定番にぎり,2016-12-16
あん肝ポン酢ジュレのせ,108,旬・特ネタ,2016-12-16
おつまみ盛り,216,一品物,2016-12-16
大切り！真鯛,194,極みネタ,2016-12-16
プレミアムプリン,216,デザート,2016-12-16
サーモンチーズマヨ直火炙り,108,炙り・天ぷら,2016-12-16
サーモンアボカドロール,108,創作・肉寿司,2016-12-16
極上中とろ直火炙り,108,炙り・天ぷら,2016-12-16
チョコアイス,108,デザート,2016-12-16
鮮極鮭いくらの４色SUSHIケーキ,410,旬・特ネタ,2016-12-16
まぐろたたきアボカドロール,108,創作・肉寿司,2016-12-16
ごくっ！旨鮭出汁の味噌ラーメン,324,お椀・麺,2016-12-16
寒ぶりはらみ,108,旬・特ネタ,2016-12-16
サーモンアボカドロール,108,創作・肉寿司,2016-12-16
牛カルビにぎり,108,創作・肉寿司,2016-12-16
大切り！真鯛,194,極みネタ,2016-12-16
チョコのケーキプリンパフェ,324,デザート,2016-12-16
まぐろたたきアボカドロール,108,創作・肉寿司,2016-12-16
フローズンマンゴー,108,デザート,2016-12-16
ごくっ！旨貝の塩白湯ラーメン,324,お椀・麺,2016-12-16
寒ぶりはらみ,108,旬・特ネタ,2016-12-16
ツナゲットにぎり,108,創作・肉寿司,2016-12-16
枝豆,108,一品物,2016-12-16
穴子天うどん,324,お椀・麺,2016-12-16
フローズンマンゴー,108,デザート,2016-12-16
赤えび塩直火炙り,108,炙り・天ぷら,2016-12-16
こういか,108,定番にぎり,2016-12-16
サーモンチーズマヨ直火炙り,108,炙り・天ぷら,2016-12-16
寒ぶりはらみ,108,旬・特ネタ,2016-12-16
黒みる貝,108,定番にぎり,2016-12-16
玉子チーズマヨ直火炙り,108,炙り・天ぷら,2016-12-16
ほたて焦がし醤油直火炙り,108,炙り・天ぷら,2016-12-16
コーン,108,軍艦・巻物,2016-12-16
鮮極鮭いくらの４色SUSHIケーキ,410,旬・特ネタ,2016-12-16
黒みる貝,108,定番にぎり,2016-12-16
わさびなす盛り,216,一品物,2016-12-16
あんこうの唐揚げ,324,旬・特ネタ,2016-12-16
〆いわし,108,定番にぎり,2016-12-16
おつまみ盛り,216,一品物,2016-12-16
寒ぶりはらみ直火炙り,108,旬・特ネタ,2016-12-16
生たこ,108,定番にぎり,2016-12-16
寿司屋のたたき,108,軍艦・巻物,2016-12-16
ほたて焦がし醤油直火炙り,108,炙り・天ぷら,2016-12-16
鮮極生えび,108,定番にぎり,2016-12-16
わさびなす盛り,216,一品物,2016-12-16
ごくっ！旨貝の塩白湯ラーメン,324,お椀・麺,2016-12-16
ほたて,194,極みネタ,2016-12-16
いか軟骨,108,定番にぎり,2016-12-16
とろ〆さば直火炙り,108,炙り・天ぷら,2016-12-16
フライドポテト,216,一品物,2016-12-16
なっとう巻,108,軍艦・巻物,2016-12-16
わさびなす盛り,216,一品物,2016-12-16
ごくっ！旨鮭出汁の味噌ラーメン,324,お椀・麺,2016-12-16
北海道産小麦のまるごとシフォンケーキ,324,旬・特ネタ,2016-12-16
ごくっ！旨貝の塩白湯ラーメン,324,お椀・麺,2016-12-16
寒ぶりのあつめし,324,旬・特ネタ,2016-12-16
えび天うどん,324,お椀・麺,2016-12-16
甘海老軍艦,108,軍艦・巻物,2016-12-16
